thirdparty_id,claim_id,thirdparty_first_name,thirdparty_middle_name,thirdparty_last_name,thirdparty_full_name,thirdparty_mobile,thirdparty_email,thirdparty_gender,thirdparty_dob,thirdparty_gov_id,member_id
TP-10000,CLM-00011,Sarthak,,Gopal,Sarthak Gopal,98402726685,sarthak26@gmail.com,M,1951-06-20,AADHAR-5704-7374-9986,
TP-10001,CLM-00015,Panini,,Balay,Panini Balay,99625381483,panini47@hotmail.com,F,1963-06-06,UID-561863530509,
TP-10002,CLM-00017,Sathvik,,Chawla,Sathvik Chawla,98006737090,sathvik79@yahoo.com,M,1957-05-13,AADHAR-1178-6458-2749,
TP-10003,CLM-00018,Chandresh,,Date,Chandresh Date,97244877008,chandresh45@outlook.co.in,M,1982-03-11,AADHAR-9175-7642-5523,
TP-10004,CLM-00023,Aditya,,Sami,Aditya Sami,98215632827,aditya56@hotmail.com,M,1985-11-19,VOTER-B212464,
TP-10005,CLM-00024,Tanay,,Kapur,Tanay Kapur,98666869889,tanay23@rediffmail.com,M,2006-08-19,UID-558132955427,
TP-10006,CLM-00030,Madhav,,Joshi,Madhav Joshi,97613808749,madhav51@hotmail.com,M,1986-10-06,VOTER-D530414,MEM-12098
TP-10007,CLM-00032,Netra,,Setty,Netra Setty,98380360835,netra73@hotmail.com,F,1988-04-16,UID-213759062601,
TP-10008,CLM-00034,Zayyan,,Bedi,Zayyan Bedi,99688984022,zayyan46@rediffmail.com,M,1999-02-03,AADHAR-8327-1680-7163,
TP-10009,CLM-00037,Damini,,Ramaswamy,Damini Ramaswamy,98362775330,damini30@hotmail.com,F,2000-04-18,VOTER-A147332,
TP-10010,CLM-00043,Nachiket,,Lal,Nachiket Lal,99165791034,nachiket35@rediffmail.com,M,1981-06-11,AADHAR-9933-2871-6160,
TP-10011,CLM-00044,Baghyawati,,Andra,Baghyawati Andra,97551992995,baghyawati77@hotmail.com,F,1965-05-23,UID-908427379607,
TP-10012,CLM-00047,Fariq,,Viswanathan,Fariq Viswanathan,98893834314,fariq17@gmail.com,M,1975-08-24,AADHAR-3002-3537-6557,
TP-10013,CLM-00049,Warda,,Radhakrishnan,Warda Radhakrishnan,97294456835,warda45@gmail.com,F,1960-11-08,AADHAR-9638-5303-7239,MEM-11217
TP-10014,CLM-00054,Falan,,Edwin,Falan Edwin,98044669758,falan52@outlook.co.in,M,1971-02-04,AADHAR-3375-6253-3726,
TP-10015,CLM-00055,Chanakya,,Dyal,Chanakya Dyal,99521586887,chanakya19@gmail.com,M,1964-01-16,AADHAR-9620-8614-3062,
TP-10016,CLM-00060,Maanas,,Nagy,Maanas Nagy,98467481015,maanas35@live.com,M,1980-05-09,VOTER-D931432,
TP-10017,CLM-00066,Sanya,,Rout,Sanya Rout,97193777876,sanya64@yahoo.com,F,1997-10-06,UID-123629135864,
TP-10018,CLM-00071,Viraj,,Natt,Viraj Natt,98494451233,viraj28@gmail.com,M,1995-10-08,UID-604625956339,
TP-10019,CLM-00079,Kashvi,,Sidhu,Kashvi Sidhu,98735907914,kashvi82@gmail.com,F,1984-02-01,VOTER-A858368,MEM-11288
TP-10020,CLM-00086,Mahika,,Bandi,Mahika Bandi,99982115597,mahika30@live.com,F,1972-11-17,UID-432068712450,
TP-10021,CLM-00087,Jack,,Zacharia,Jack Zacharia,98980417620,jack96@yahoo.com,M,1974-05-09,AADHAR-5371-4617-7358,
TP-10022,CLM-00092,Priya,,Venkatesh,Priya Venkatesh,98356451011,priya88@outlook.co.in,F,1983-09-24,VOTER-E679403,
TP-10023,CLM-00095,Sanaya,,Randhawa,Sanaya Randhawa,97701193583,sanaya87@yahoo.com,F,2004-05-02,AADHAR-2872-8908-5385,
TP-10024,CLM-00102,Wyatt,,Bobal,Wyatt Bobal,98761644947,wyatt79@live.com,M,1974-08-21,AADHAR-5031-4409-6946,
TP-10025,CLM-00108,Girish,,Mutti,Girish Mutti,97263069172,girish81@yahoo.com,M,1971-02-17,UID-220522850959,MEM-12895
TP-10026,CLM-00117,Vansha,,Banerjee,Vansha Banerjee,98310971083,vansha24@outlook.co.in,F,1972-04-24,VOTER-D315985,MEM-12879
TP-10027,CLM-00119,Bhavini,,Kumer,Bhavini Kumer,97871096515,bhavini72@rediffmail.com,F,1989-06-05,VOTER-B354234,
TP-10028,CLM-00121,Lakshmi,,Venkatesh,Lakshmi Venkatesh,97323246624,lakshmi24@live.com,F,1989-11-28,AADHAR-3113-3811-9769,
TP-10029,CLM-00122,Sanya,,Sethi,Sanya Sethi,99644073754,sanya90@live.com,F,1993-11-10,AADHAR-4666-7159-5202,
TP-10030,CLM-00126,Avni,,Issac,Avni Issac,97487428531,avni37@yahoo.com,F,1998-06-06,AADHAR-2680-8920-4963,
TP-10031,CLM-00130,Vritti,,Bhakta,Vritti Bhakta,99087498382,vritti36@hotmail.com,F,1978-08-08,VOTER-A344338,MEM-10747
TP-10032,CLM-00138,Mitesh,,Dyal,Mitesh Dyal,98762921278,mitesh59@live.com,M,2005-11-12,AADHAR-8782-1129-1915,
TP-10033,CLM-00139,Urvashi,,Nazareth,Urvashi Nazareth,99875132016,urvashi54@rediffmail.com,F,2005-07-26,AADHAR-6634-3779-6841,
TP-10034,CLM-00142,Ojas,,Dora,Ojas Dora,99916831736,ojas29@live.com,M,2004-07-21,AADHAR-5770-3579-1486,MEM-10597
TP-10035,CLM-00148,Sarthak,,Maharaj,Sarthak Maharaj,97435410699,sarthak38@gmail.com,M,1962-03-17,AADHAR-4785-6381-9418,
TP-10036,CLM-00152,Kamala,,Chahal,Kamala Chahal,98555713031,kamala42@yahoo.com,F,1983-01-17,VOTER-C842189,
TP-10037,CLM-00156,Andrew,,Ramakrishnan,Andrew Ramakrishnan,99283388399,andrew52@hotmail.com,M,1975-01-17,UID-337036340066,MEM-11465
TP-10038,CLM-00165,Diya,,Mital,Diya Mital,99754214752,diya81@hotmail.com,F,1999-06-10,AADHAR-4671-8910-3394,
TP-10039,CLM-00166,Waida,,Raghavan,Waida Raghavan,97952208984,waida93@live.com,F,1982-11-13,AADHAR-1661-1077-1233,
TP-10040,CLM-00170,Sudiksha,,Kala,Sudiksha Kala,99702653971,sudiksha55@outlook.co.in,F,1968-09-06,UID-407697892677,
TP-10041,CLM-00171,Pooja,,Varughese,Pooja Varughese,98142003356,pooja77@rediffmail.com,F,1959-08-29,AADHAR-9346-5022-6348,
TP-10042,CLM-00176,Upasna,,Doshi,Upasna Doshi,98994313936,upasna44@live.com,F,1968-12-13,UID-338493663427,
TP-10043,CLM-00186,Urmi,,Sengupta,Urmi Sengupta,98326249256,urmi24@outlook.co.in,F,1994-03-22,UID-625469347376,
TP-10044,CLM-00190,Sudiksha,,Mohan,Sudiksha Mohan,99173093902,sudiksha78@live.com,F,1989-04-09,VOTER-D145940,
TP-10045,CLM-00208,Ekbal,,Ghosh,Ekbal Ghosh,98412825412,ekbal49@outlook.co.in,M,1975-04-12,UID-602597501585,
TP-10046,CLM-00214,Bhavna,,Savant,Bhavna Savant,99009102315,bhavna66@hotmail.com,F,1970-04-02,UID-670037787463,MEM-12415
TP-10047,CLM-00217,Diya,,Nagarajan,Diya Nagarajan,97695821889,diya26@rediffmail.com,F,1966-06-22,UID-505655554398,MEM-11239
TP-10048,CLM-00222,Yashvi,,Bhatti,Yashvi Bhatti,98275241473,yashvi33@outlook.co.in,F,1964-08-13,VOTER-A891998,
TP-10049,CLM-00225,Saanvi,,Loyal,Saanvi Loyal,97505399161,saanvi69@gmail.com,F,1991-11-05,VOTER-E919080,
TP-10050,CLM-00230,Aayush,,Bal,Aayush Bal,99357806820,aayush94@rediffmail.com,M,1978-09-16,AADHAR-1017-7283-6858,MEM-12010
TP-10051,CLM-00232,Atharv,,Soni,Atharv Soni,97208761454,atharv72@outlook.co.in,M,1992-02-12,VOTER-A221809,
TP-10052,CLM-00236,Vritti,,Purohit,Vritti Purohit,97699804885,vritti46@gmail.com,F,2006-03-02,VOTER-A973183,
TP-10053,CLM-00241,Dominic,,Pai,Dominic Pai,98687893682,dominic37@hotmail.com,M,1992-02-20,AADHAR-4103-2432-9053,
TP-10054,CLM-00248,Zaitra,,Aurora,Zaitra Aurora,99969956866,zaitra65@outlook.co.in,F,1965-10-26,AADHAR-2512-4436-9464,MEM-10002
TP-10055,CLM-00256,Vasudha,,Bhattacharyya,Vasudha Bhattacharyya,97007771335,vasudha83@live.com,F,1980-05-06,VOTER-A594559,
TP-10056,CLM-00266,Oviya,,Swaminathan,Oviya Swaminathan,99700752674,oviya80@live.com,F,1979-12-06,VOTER-B119046,
TP-10057,CLM-00267,Kavya,,Bhatia,Kavya Bhatia,99635744581,kavya34@hotmail.com,F,1955-01-03,AADHAR-9724-1807-7980,
TP-10058,CLM-00270,Reva,,Sidhu,Reva Sidhu,99093186343,reva41@live.com,F,1954-02-13,AADHAR-8226-6952-6624,
TP-10059,CLM-00271,Mohammed,,Vohra,Mohammed Vohra,98945759334,mohammed79@hotmail.com,M,1966-11-19,AADHAR-9801-6165-3561,MEM-10996
TP-10060,CLM-00273,Rajata,,Pradhan,Rajata Pradhan,97397551829,rajata64@hotmail.com,F,1969-07-27,VOTER-E209593,
TP-10061,CLM-00276,Unni,,Kanda,Unni Kanda,99932991008,unni25@rediffmail.com,F,1990-04-21,AADHAR-3639-5970-4300,MEM-11068
TP-10062,CLM-00277,Abha,,Atwal,Abha Atwal,98104152360,abha98@hotmail.com,F,1998-05-09,VOTER-C979676,
TP-10063,CLM-00278,Yutika,,Sood,Yutika Sood,99277397593,yutika51@yahoo.com,F,1977-02-09,VOTER-B778916,MEM-11839
TP-10064,CLM-00279,Ronith,,Chowdhury,Ronith Chowdhury,99921320038,ronith85@live.com,M,1964-12-05,VOTER-D769006,MEM-10938
TP-10065,CLM-00287,Osha,,Chauhan,Osha Chauhan,99588287806,osha78@yahoo.com,F,1963-02-01,VOTER-E282028,
TP-10066,CLM-00289,Maya,,Bahri,Maya Bahri,99293164617,maya57@rediffmail.com,F,1952-06-11,UID-949893932606,
TP-10067,CLM-00292,Zarna,,Bhardwaj,Zarna Bhardwaj,99526834439,zarna44@live.com,F,1958-06-30,VOTER-D160068,
TP-10068,CLM-00296,Aarna,,Gara,Aarna Gara,99129936867,aarna82@live.com,F,1961-09-19,UID-939966735552,
TP-10069,CLM-00297,Champak,,Seshadri,Champak Seshadri,97568237371,champak10@rediffmail.com,M,1993-01-04,AADHAR-6246-8097-8811,
TP-10070,CLM-00300,Amara,,Master,Amara Master,99683366161,amara83@yahoo.com,F,2005-05-16,VOTER-D404640,
TP-10071,CLM-00301,Upma,,Dey,Upma Dey,97566320572,upma67@rediffmail.com,F,1982-08-02,AADHAR-5062-3934-1613,
TP-10072,CLM-00305,Aishani,,Pradhan,Aishani Pradhan,99813890451,aishani28@gmail.com,F,1955-07-19,VOTER-A786028,
TP-10073,CLM-00309,Harrison,,Oak,Harrison Oak,98750071054,harrison54@live.com,M,1966-05-04,AADHAR-3996-8790-1736,
TP-10074,CLM-00311,Mugdha,,Viswanathan,Mugdha Viswanathan,99970385949,mugdha83@rediffmail.com,F,1995-03-20,VOTER-A493042,
TP-10075,CLM-00318,Ikshita,,Karnik,Ikshita Karnik,98165713732,ikshita94@rediffmail.com,F,1978-07-24,VOTER-C221324,
TP-10076,CLM-00321,Nitara,,Rajan,Nitara Rajan,97166752824,nitara25@gmail.com,F,1997-11-16,VOTER-A294303,
TP-10077,CLM-00324,Rohan,,Mane,Rohan Mane,99772539163,rohan18@gmail.com,M,1973-09-16,UID-146027832992,
TP-10078,CLM-00332,Pushti,,Padmanabhan,Pushti Padmanabhan,97531704637,pushti86@gmail.com,F,1984-05-14,AADHAR-4936-1630-2489,
TP-10079,CLM-00335,Yug,,Ray,Yug Ray,98743125431,yug87@hotmail.com,M,1967-05-19,VOTER-A972408,
TP-10080,CLM-00337,Farhan,,Chaudhary,Farhan Chaudhary,98860245598,zarna44@hotmail.com,M,1968-12-07,AADHAR-9025-8072-7218,MEM-11676
TP-10081,CLM-00339,Chanakya,,Patil,Chanakya Patil,98148649727,chanakya56@gmail.com,M,1960-05-06,VOTER-D606034,
TP-10082,CLM-00345,Jalsa,,Dyal,Jalsa Dyal,98031000216,jalsa67@rediffmail.com,F,1967-09-24,UID-920937681872,
TP-10083,CLM-00347,Megha,,Hora,Megha Hora,97308642908,megha33@gmail.com,F,1968-12-13,AADHAR-1482-2565-6639,
TP-10084,CLM-00350,Tanvi,,Bedi,Tanvi Bedi,98500828488,tanvi25@live.com,F,1951-09-19,AADHAR-5335-1492-9413,
TP-10085,CLM-00357,Upadhriti,,Madan,Upadhriti Madan,98878558950,upadhriti81@outlook.co.in,F,1971-04-25,VOTER-B579988,
TP-10086,CLM-00358,Yatin,,Sanghvi,Yatin Sanghvi,98142668739,yatin41@hotmail.com,M,1997-04-11,VOTER-B684820,
TP-10087,CLM-00367,Ubika,,Khanna,Ubika Khanna,98556254747,ubika86@yahoo.com,F,1958-12-26,UID-906005699802,
TP-10088,CLM-00379,Chaman,,Varughese,Chaman Varughese,97531109024,chaman72@rediffmail.com,F,2006-06-26,UID-415746686091,MEM-12489
TP-10089,CLM-00381,Udant,,Ramanathan,Udant Ramanathan,97892135220,udant58@hotmail.com,M,1996-12-12,UID-291217816573,
TP-10090,CLM-00385,Dominic,,Bir,Dominic Bir,97249549438,dominic68@live.com,M,1984-10-01,VOTER-D117593,MEM-11078
TP-10091,CLM-00388,Advika,,Barman,Advika Barman,99123607543,advika72@rediffmail.com,F,1956-06-19,AADHAR-5985-2445-2980,
TP-10092,CLM-00390,Chanchal,,Kapadia,Chanchal Kapadia,99590646236,chanchal33@yahoo.com,F,1989-08-04,AADHAR-1251-4630-3876,MEM-11998
TP-10093,CLM-00391,Umang,,Virk,Umang Virk,98425994637,umang47@live.com,M,1965-12-11,VOTER-D345318,
TP-10094,CLM-00394,Liam,,Tandon,Liam Tandon,98761144520,liam90@live.com,M,1954-04-03,UID-669807303984,
TP-10095,CLM-00406,Panini,,Lalla,Panini Lalla,98727972889,panini96@outlook.co.in,F,1993-07-06,VOTER-B690726,
TP-10096,CLM-00416,Girik,,Bala,Girik Bala,97484746534,girik67@gmail.com,M,1952-08-19,AADHAR-3962-9073-5147,
TP-10097,CLM-00426,Ronith,,Mohanty,Ronith Mohanty,99832148638,ronith23@yahoo.com,M,2001-11-11,UID-486418681285,
TP-10098,CLM-00430,Ati,,Gokhale,Ati Gokhale,99850046641,ati34@rediffmail.com,F,1953-08-24,UID-988470462787,
TP-10099,CLM-00447,Jagat,,Naidu,Jagat Naidu,99566699766,jagat90@yahoo.com,M,1982-09-12,UID-571678539197,
TP-10100,CLM-00448,Anita,,Dhillon,Anita Dhillon,99452662558,anita57@gmail.com,F,1962-06-09,UID-460041905806,MEM-11270
TP-10101,CLM-00451,Fitan,,Ahuja,Fitan Ahuja,97252371563,fitan92@outlook.co.in,M,1972-11-14,UID-466049585345,
TP-10102,CLM-00452,Theodore,,Keer,Theodore Keer,99523900628,theodore45@live.com,M,1975-10-28,AADHAR-1288-6695-6848,MEM-12524
TP-10103,CLM-00453,Ekta,,Grover,Ekta Grover,97191182963,ekta33@hotmail.com,F,1971-05-05,UID-952478438112,MEM-11446
TP-10104,CLM-00454,Pooja,,Nadkarni,Pooja Nadkarni,99556212691,pooja99@gmail.com,F,2001-08-07,UID-571261080126,MEM-10021
TP-10105,CLM-00457,Lakshit,,Choudhry,Lakshit Choudhry,98602516498,lakshit20@live.com,M,1988-08-17,VOTER-E161266,MEM-11510
TP-10106,CLM-00462,Noah,,Pal,Noah Pal,99503018805,noah81@live.com,M,2006-02-10,VOTER-E528421,
TP-10107,CLM-00465,Advay,,Pandit,Advay Pandit,98579079768,advay53@yahoo.com,M,1967-12-07,AADHAR-5448-2708-8048,
TP-10108,CLM-00467,Kai,,Kala,Kai Kala,99102505944,kai66@outlook.co.in,M,1954-06-07,AADHAR-2523-9207-9994,
TP-10109,CLM-00478,Ijaya,,Kari,Ijaya Kari,98621567877,ijaya12@rediffmail.com,F,1959-07-25,UID-404502210791,
TP-10110,CLM-00480,Faris,,Panchal,Faris Panchal,98423786919,faris71@rediffmail.com,M,1991-03-09,VOTER-C783198,
TP-10111,CLM-00481,Madhavi,,Chawla,Madhavi Chawla,97920447204,madhavi40@outlook.co.in,F,1968-01-12,AADHAR-2331-1275-8151,
TP-10112,CLM-00486,Vincent,,Agate,Vincent Agate,98938291689,vincent71@outlook.co.in,M,1956-03-08,VOTER-C234439,
TP-10113,CLM-00488,Idika,,Karan,Idika Karan,98786606206,idika44@rediffmail.com,F,1985-01-16,VOTER-A635061,MEM-12611
TP-10114,CLM-00491,Rayaan,,Chopra,Rayaan Chopra,97959468201,rayaan83@rediffmail.com,M,1963-02-20,VOTER-B492965,MEM-10715
TP-10115,CLM-00499,Ridhi,,Kaul,Ridhi Kaul,99064972958,ridhi36@live.com,F,2006-10-30,UID-514991299512,MEM-12486
TP-10116,CLM-00507,Bachittar,,Sanghvi,Bachittar Sanghvi,98278151182,bachittar52@outlook.co.in,M,2001-07-17,UID-847270445701,MEM-13245
TP-10117,CLM-00509,Oni,,Bhatt,Oni Bhatt,97046203060,oni77@yahoo.com,F,1955-09-17,UID-185676413653,
TP-10118,CLM-00511,Priya,,Brar,Priya Brar,99996508075,priya81@hotmail.com,F,1991-09-18,VOTER-E301987,
TP-10119,CLM-00513,Manan,,Chander,Manan Chander,97447132909,manan12@yahoo.com,M,1972-09-19,VOTER-E251987,
TP-10120,CLM-00516,Kevin,,Nigam,Kevin Nigam,98563824565,kevin15@live.com,M,1964-06-12,UID-340751865387,MEM-10215
TP-10121,CLM-00517,Gunbir,,Munshi,Gunbir Munshi,98991762277,gunbir25@rediffmail.com,M,1968-02-01,VOTER-C405444,
TP-10122,CLM-00518,Varsha,,Ram,Varsha Ram,99896781767,varsha10@rediffmail.com,F,1994-11-07,VOTER-E368163,
TP-10123,CLM-00521,Chakradhar,,Bhattacharyya,Chakradhar Bhattacharyya,99706891317,chakradhar38@live.com,M,1975-05-30,VOTER-B974800,
TP-10124,CLM-00524,Ganga,,Nagy,Ganga Nagy,97877006703,ganga29@gmail.com,F,1955-11-25,VOTER-A514201,
TP-10125,CLM-00525,Tanvi,,Krishnan,Tanvi Krishnan,97674705409,tanvi95@rediffmail.com,F,1975-03-04,VOTER-D184170,MEM-13130
TP-10126,CLM-00527,Wahab,,Sankar,Wahab Sankar,98941371053,wahab69@outlook.co.in,M,1987-10-29,VOTER-B782064,
TP-10127,CLM-00528,Xavier,,Sarin,Xavier Sarin,99625547824,xavier83@rediffmail.com,M,1987-11-13,UID-510268201557,
TP-10128,CLM-00542,Alexander,,Chada,Alexander Chada,98343491143,alexander45@outlook.co.in,M,1994-02-15,VOTER-E789955,
TP-10129,CLM-00547,Dakshesh,,Babu,Dakshesh Babu,98670632484,dakshesh41@live.com,M,1974-05-04,VOTER-B684270,MEM-11799
TP-10130,CLM-00548,Abeer,,Saraf,Abeer Saraf,99980564739,abeer73@hotmail.com,M,1981-01-08,AADHAR-2299-3397-6253,
TP-10131,CLM-00549,Xavier,,Pradhan,Xavier Pradhan,97671942276,xavier43@outlook.co.in,M,2001-01-30,UID-435851676604,
TP-10132,CLM-00551,Chasmum,,Bajwa,Chasmum Bajwa,97389839953,chasmum63@yahoo.com,F,1977-02-26,UID-344931648861,MEM-12284
TP-10133,CLM-00552,Januja,,Chandran,Januja Chandran,98465180308,januja43@hotmail.com,F,1962-09-19,AADHAR-2037-2752-2005,
TP-10134,CLM-00556,Naksh,,Srivastava,Naksh Srivastava,98686812640,naksh25@rediffmail.com,M,1950-09-18,VOTER-B267791,
TP-10135,CLM-00561,Panini,,Raval,Panini Raval,97411567565,panini71@outlook.co.in,F,1981-08-17,AADHAR-3206-6497-9442,
TP-10136,CLM-00564,Yash,,Loyal,Yash Loyal,97368473745,yash31@outlook.co.in,M,1977-07-29,AADHAR-3817-4474-6410,
TP-10137,CLM-00570,Falguni,,Gala,Falguni Gala,99816387189,falguni53@rediffmail.com,F,1956-01-13,AADHAR-6050-1975-7372,
TP-10138,CLM-00576,Gautam,,Divan,Gautam Divan,97315858895,gautam49@yahoo.com,M,1963-07-10,AADHAR-3413-1450-6226,
TP-10139,CLM-00578,Rehaan,,Dugar,Rehaan Dugar,99840772528,rehaan90@outlook.co.in,M,1998-03-01,UID-272164033817,
TP-10140,CLM-00579,Aradhana,,Gade,Aradhana Gade,98537571369,aradhana20@yahoo.com,F,1992-06-12,UID-683777167040,
TP-10141,CLM-00581,Nitesh,,Saran,Nitesh Saran,98739370004,nitesh75@rediffmail.com,M,2007-01-07,VOTER-A796762,
TP-10142,CLM-00582,Abhimanyu,,Hari,Abhimanyu Hari,98046721507,abhimanyu29@outlook.co.in,M,1961-11-10,VOTER-C793356,
TP-10143,CLM-00587,Dominic,,Pradhan,Dominic Pradhan,97113128754,dominic83@hotmail.com,M,1971-09-30,VOTER-B633280,
TP-10144,CLM-00588,Shivansh,,Mody,Shivansh Mody,99727444512,shivansh88@hotmail.com,M,1984-11-13,UID-842479083773,MEM-13399
TP-10145,CLM-00592,Bachittar,,Balasubramanian,Bachittar Balasubramanian,98316417940,bachittar44@outlook.co.in,M,1990-02-14,AADHAR-4926-1873-9326,MEM-10270
TP-10146,CLM-00596,Dakshesh,,Babu,Dakshesh Babu,98670632484,dakshesh41@live.com,M,1974-05-04,VOTER-B684270,MEM-11799
TP-10147,CLM-00597,Advaith,,Prakash,Advaith Prakash,97872028802,advaith25@yahoo.com,M,1953-03-11,AADHAR-1731-8296-6982,
TP-10148,CLM-00599,Amrita,,Devan,Amrita Devan,99046116132,amrita71@hotmail.com,F,1965-09-14,UID-317018411217,
TP-10149,CLM-00602,Wakeeta,,Korpal,Wakeeta Korpal,99174382495,wakeeta85@yahoo.com,F,1960-04-02,UID-553432964672,
TP-10150,CLM-00603,Shravya,,Chawla,Shravya Chawla,97761119971,shravya49@rediffmail.com,F,1996-10-11,AADHAR-3229-9644-8779,
TP-10151,CLM-00607,Ojas,,Kannan,Ojas Kannan,98270371198,ojas24@live.com,M,1990-10-01,VOTER-E328305,
TP-10152,CLM-00610,Abhimanyu,,Verma,Abhimanyu Verma,97512705892,abhimanyu60@live.com,M,1980-08-29,UID-429948783731,MEM-11041
TP-10153,CLM-00612,Pratyush,,Sarkar,Pratyush Sarkar,98364664404,pratyush13@yahoo.com,M,2006-03-10,VOTER-D818655,MEM-10535
TP-10154,CLM-00616,Vivaan,,Kale,Vivaan Kale,97308861728,vivaan50@live.com,M,1984-05-02,AADHAR-4740-6587-4767,MEM-12968
TP-10155,CLM-00617,Chatresh,,Sangha,Chatresh Sangha,98707212367,chatresh88@rediffmail.com,M,1991-12-16,AADHAR-8573-9686-4241,MEM-10145
TP-10156,CLM-00618,Lipika,,Chakrabarti,Lipika Chakrabarti,97419341481,lipika91@outlook.co.in,F,1965-11-21,AADHAR-8101-1573-2345,MEM-10814
TP-10157,CLM-00625,Odika,,Mittal,Odika Mittal,98922813296,odika22@outlook.co.in,F,1989-02-12,VOTER-E134718,MEM-12448
TP-10158,CLM-00628,Wridesh,,Dass,Wridesh Dass,97091844461,wridesh72@live.com,M,1971-02-16,UID-803184711727,MEM-10023
TP-10159,CLM-00629,Jagrati,,Andra,Jagrati Andra,97452095898,jagrati87@yahoo.com,F,1974-03-22,VOTER-B807952,
TP-10160,CLM-00631,Maya,,Munshi,Maya Munshi,98136553380,maya69@hotmail.com,F,1976-01-25,AADHAR-6487-8043-6795,
TP-10161,CLM-00638,Harita,,Prakash,Harita Prakash,97210955653,harita31@hotmail.com,F,1960-12-09,VOTER-E616804,
TP-10162,CLM-00644,Zansi,,Gour,Zansi Gour,97494307454,zansi44@hotmail.com,F,1999-02-25,AADHAR-1361-4513-8019,
TP-10163,CLM-00645,Arunima,,Chand,Arunima Chand,97118837762,arunima73@gmail.com,F,1980-07-01,VOTER-D472347,
TP-10164,CLM-00649,Nidhi,,Sarna,Nidhi Sarna,97991000005,nidhi80@yahoo.com,F,1975-09-02,AADHAR-6706-3329-5591,MEM-13295
TP-10165,CLM-00651,Ishaan,,Chowdhury,Ishaan Chowdhury,99041366594,ishaan92@hotmail.com,M,1978-01-30,UID-119164828339,
TP-10166,CLM-00655,Gabriel,,Trivedi,Gabriel Trivedi,99311853354,gabriel54@outlook.co.in,M,1971-08-05,VOTER-C487834,MEM-11387
TP-10167,CLM-00657,Fitan,,Kothari,Fitan Kothari,99769203540,fitan56@rediffmail.com,M,1987-06-20,UID-892268463007,MEM-12860
TP-10168,CLM-00661,Wriddhish,,Chadha,Wriddhish Chadha,97753798732,wriddhish95@live.com,M,1956-05-10,VOTER-C563754,
TP-10169,CLM-00663,Wakeeta,,Nagy,Wakeeta Nagy,98111500770,wakeeta33@yahoo.com,F,1986-06-07,AADHAR-5689-3493-9421,MEM-12719
TP-10170,CLM-00669,Yashica,,Ram,Yashica Ram,99572434894,yashica46@live.com,F,1972-09-16,UID-357429775918,MEM-13257
TP-10171,CLM-00681,Amol,,Krishnamurthy,Amol Krishnamurthy,98836273603,amol40@hotmail.com,M,1966-05-03,VOTER-D644785,
TP-10172,CLM-00682,Lila,,Kar,Lila Kar,97420712773,lila92@hotmail.com,F,1957-01-18,AADHAR-1289-5339-6872,
TP-10173,CLM-00686,Alexander,,Pandey,Alexander Pandey,97726101903,alexander30@live.com,M,1987-02-06,VOTER-E212663,
TP-10174,CLM-00687,Indrajit,,Jhaveri,Indrajit Jhaveri,99945779910,indrajit14@yahoo.com,M,1983-04-26,VOTER-D296837,MEM-10769
TP-10175,CLM-00689,Anthony,,Chander,Anthony Chander,97021534973,anthony64@gmail.com,M,1970-02-18,VOTER-A439335,
TP-10176,CLM-00691,Mitali,,Puri,Mitali Puri,99462368899,mitali82@gmail.com,F,1967-10-08,AADHAR-9883-3351-5393,
TP-10177,CLM-00693,Ekanta,,Majumdar,Ekanta Majumdar,97532863373,ekanta23@yahoo.com,F,1965-12-22,VOTER-A253082,MEM-11698
TP-10178,CLM-00700,Kashvi,,Mangat,Kashvi Mangat,99939550784,kashvi22@gmail.com,F,2006-02-21,AADHAR-4147-3833-2758,
TP-10179,CLM-00703,Azaan,,Mall,Azaan Mall,99882071948,azaan89@live.com,M,1966-02-28,VOTER-E819137,
TP-10180,CLM-00704,Aadi,,Solanki,Aadi Solanki,98697510884,aadi48@yahoo.com,M,1963-10-17,AADHAR-3412-6045-5835,
TP-10181,CLM-00707,Jagdish,,Shankar,Jagdish Shankar,98011937092,jagdish58@outlook.co.in,M,1974-03-30,VOTER-E170180,
TP-10182,CLM-00709,Eesha,,Pai,Eesha Pai,99396631523,eesha96@yahoo.com,F,1986-01-27,UID-475031103743,MEM-12164
TP-10183,CLM-00711,Harrison,,Walla,Harrison Walla,97627667180,harrison43@outlook.co.in,M,1951-09-24,UID-709667709398,
TP-10184,CLM-00714,Bhavika,,Bajwa,Bhavika Bajwa,98990673929,bhavika33@live.com,F,1997-06-26,AADHAR-6842-3222-1828,
TP-10185,CLM-00715,Ayush,,Majumdar,Ayush Majumdar,99294215103,ayush76@rediffmail.com,M,1960-04-12,AADHAR-9294-1643-3315,
TP-10186,CLM-00718,Bachittar,,Banik,Bachittar Banik,98312663542,bachittar94@rediffmail.com,M,1982-02-15,AADHAR-5428-4970-3596,MEM-12283
TP-10187,CLM-00721,Jagvi,,Subramaniam,Jagvi Subramaniam,99182934950,jagvi85@hotmail.com,F,1963-04-03,UID-436737161391,
TP-10188,CLM-00725,Ayush,,Chaudhary,Ayush Chaudhary,98661379115,ayush80@live.com,M,1980-04-03,AADHAR-9009-3661-2315,
TP-10189,CLM-00727,Dalbir,,Pillai,Dalbir Pillai,98405053157,dalbir48@hotmail.com,M,1994-11-17,VOTER-E768133,
TP-10190,CLM-00728,Indrajit,,Manda,Indrajit Manda,97756809001,indrajit33@gmail.com,M,1952-12-23,UID-988069406684,
TP-10191,CLM-00738,Nakul,,Hans,Nakul Hans,99561994782,nakul23@rediffmail.com,M,1952-10-25,VOTER-E241944,
TP-10192,CLM-00740,Agastya,,Ramanathan,Agastya Ramanathan,98917864736,agastya60@hotmail.com,M,1986-12-30,AADHAR-7898-6085-1296,
TP-10193,CLM-00744,Mahika,,Krishnamurthy,Mahika Krishnamurthy,97756973196,mahika96@rediffmail.com,F,2000-06-27,UID-757786119350,
TP-10194,CLM-00752,Nicholas,,Mahajan,Nicholas Mahajan,98628355110,nicholas14@outlook.co.in,M,2002-02-21,VOTER-D579850,
TP-10195,CLM-00759,Victor,,Kapur,Victor Kapur,99437025222,victor91@live.com,M,1997-05-08,AADHAR-5221-7347-3301,
TP-10196,CLM-00760,Jackson,,Batta,Jackson Batta,98772799279,jackson59@gmail.com,M,2003-09-25,UID-858442816267,
TP-10197,CLM-00768,Ojas,,Dora,Ojas Dora,99916831736,ojas29@live.com,M,2004-07-21,AADHAR-5770-3579-1486,MEM-10597
TP-10198,CLM-00779,Yatan,,Batta,Yatan Batta,99519871912,yatan15@rediffmail.com,M,1964-05-19,AADHAR-8343-8226-1094,
TP-10199,CLM-00781,Ekani,,Magar,Ekani Magar,97550526696,ekani97@hotmail.com,F,1991-06-03,VOTER-C470785,MEM-13197
TP-10200,CLM-00784,Anita,,Bahri,Anita Bahri,98806388261,anita75@yahoo.com,F,1996-07-10,UID-922606007682,MEM-12701
TP-10201,CLM-00790,Mitali,,Narain,Mitali Narain,97935267396,mitali19@live.com,F,1964-12-02,AADHAR-8359-7421-7232,
TP-10202,CLM-00791,Chandresh,,Rajagopalan,Chandresh Rajagopalan,99853017743,chandresh78@gmail.com,M,1969-07-02,AADHAR-6073-3604-5504,
TP-10203,CLM-00797,Warinder,,Rana,Warinder Rana,97418355553,warinder65@rediffmail.com,M,1975-06-28,AADHAR-9267-3344-7665,
TP-10204,CLM-00806,Veda,,Mohan,Veda Mohan,98529564756,veda87@outlook.co.in,F,1958-12-18,UID-762844741580,
TP-10205,CLM-00809,Wakeeta,,Saxena,Wakeeta Saxena,99322400795,wakeeta95@yahoo.com,F,1988-06-21,AADHAR-2283-8086-1766,MEM-13422
TP-10206,CLM-00812,Chaitanya,,Sarraf,Chaitanya Sarraf,98477872151,chaitanya16@outlook.co.in,M,1966-03-23,VOTER-C193946,
TP-10207,CLM-00816,Lavanya,,Bawa,Lavanya Bawa,97311394654,lavanya27@rediffmail.com,F,1980-03-02,VOTER-E339344,
TP-10208,CLM-00817,Ranbir,,Jani,Ranbir Jani,98599578761,ranbir55@gmail.com,M,1968-12-10,VOTER-C395340,
TP-10209,CLM-00823,Thomas,,Nadig,Thomas Nadig,98830506719,thomas68@live.com,M,1960-03-27,AADHAR-7428-4271-1307,
TP-10210,CLM-00833,Yug,,Krishnamurthy,Yug Krishnamurthy,99903441837,yug78@rediffmail.com,M,1995-08-10,AADHAR-3120-7926-6080,
TP-10211,CLM-00836,Yagnesh,,Misra,Yagnesh Misra,99659090153,yagnesh16@rediffmail.com,M,1987-04-13,UID-322891272029,
TP-10212,CLM-00838,Isaiah,,Agrawal,Isaiah Agrawal,98528699621,isaiah11@live.com,M,1995-03-04,AADHAR-4176-9312-1923,MEM-12961
TP-10213,CLM-00843,Ojas,,Ramesh,Ojas Ramesh,99490315169,ojas86@outlook.co.in,M,1959-04-05,AADHAR-4231-4657-1111,
TP-10214,CLM-00845,Tristan,,Rau,Tristan Rau,97543880749,tristan86@rediffmail.com,M,1997-12-10,UID-340305421565,MEM-10488
TP-10215,CLM-00853,Robert,,Krishnan,Robert Krishnan,99630424365,robert31@live.com,M,1993-12-30,UID-507384367766,MEM-10833
TP-10216,CLM-00855,Ekanta,,Mand,Ekanta Mand,97906601352,ekanta78@outlook.co.in,F,1981-04-25,VOTER-D118367,
TP-10217,CLM-00856,Samaksh,,Dave,Samaksh Dave,98636103522,samaksh62@yahoo.com,M,1976-04-09,VOTER-D788926,
TP-10218,CLM-00859,Wridesh,,Grewal,Wridesh Grewal,98483383584,wridesh94@gmail.com,M,1953-10-21,UID-103993900669,
TP-10219,CLM-00867,Simon,,Kala,Simon Kala,98110631195,simon56@outlook.co.in,M,2001-03-26,UID-534344209120,MEM-11158
TP-10220,CLM-00869,Tanay,,Pradhan,Tanay Pradhan,97879901676,tanay32@outlook.co.in,M,1978-09-10,AADHAR-5118-6027-6223,MEM-12943
TP-10221,CLM-00872,Upkaar,,Behl,Upkaar Behl,98806998666,upkaar91@gmail.com,M,1975-06-30,UID-696051940367,
TP-10222,CLM-00875,Abeer,,Dutt,Abeer Dutt,98572505376,abeer82@outlook.co.in,M,1990-10-01,UID-376108372214,
TP-10223,CLM-00885,Falak,,Bassi,Falak Bassi,98700076456,falak46@rediffmail.com,F,1961-05-07,UID-503421788738,
TP-10224,CLM-00887,Ojasvi,,Kale,Ojasvi Kale,98481791639,ojasvi33@rediffmail.com,F,1959-07-26,VOTER-D120309,
TP-10225,CLM-00889,Christopher,,Basak,Christopher Basak,97448055988,christopher47@yahoo.com,M,1966-09-20,AADHAR-5103-9915-4868,MEM-10262
TP-10226,CLM-00895,Michael,,Bansal,Michael Bansal,99435568477,michael80@rediffmail.com,M,2003-03-22,AADHAR-9447-9096-1521,
TP-10227,CLM-00900,Warhi,,Narula,Warhi Narula,99896671365,warhi36@rediffmail.com,F,2001-08-25,UID-145507601881,MEM-11545
TP-10228,CLM-00903,Farhan,,Bhatt,Farhan Bhatt,98509790547,farhan21@outlook.co.in,M,1995-12-07,VOTER-D565800,
TP-10229,CLM-00905,Pranit,,Deo,Pranit Deo,99384473468,pranit10@gmail.com,M,1994-02-05,VOTER-E971791,
TP-10230,CLM-00911,Advika,,Tata,Advika Tata,99973612701,advika59@rediffmail.com,F,1963-12-12,VOTER-E740806,
TP-10231,CLM-00914,Yug,,Goda,Yug Goda,98166332170,yug52@live.com,M,1978-12-20,UID-326169866217,
TP-10232,CLM-00920,Zaitra,,Chauhan,Zaitra Chauhan,99416184374,zaitra25@rediffmail.com,F,1961-09-03,VOTER-B737307,MEM-11190
TP-10233,CLM-00921,Falan,,Cherian,Falan Cherian,97305520584,falan12@outlook.co.in,M,1973-02-15,VOTER-D305586,
TP-10234,CLM-00922,Dev,,Arya,Dev Arya,99833717058,dev38@gmail.com,M,1985-01-24,AADHAR-3482-9055-7412,MEM-12450
TP-10235,CLM-00923,Sachi,,Mody,Sachi Mody,99166878524,sachi68@hotmail.com,F,1966-07-02,AADHAR-6430-3461-4437,MEM-11816
TP-10236,CLM-00928,Finn,,Sibal,Finn Sibal,97966795298,finn40@outlook.co.in,M,1975-01-12,VOTER-D163413,
TP-10237,CLM-00931,Zayyan,,Nagi,Zayyan Nagi,98022174174,zayyan50@yahoo.com,M,1985-03-17,UID-685213516799,
TP-10238,CLM-00938,Arunima,,Maharaj,Arunima Maharaj,99704575324,arunima66@rediffmail.com,F,1974-01-13,UID-883301472736,
TP-10239,CLM-00941,Tara,,Saha,Tara Saha,98869772158,tara73@yahoo.com,F,1969-04-20,UID-144425225135,
TP-10240,CLM-00946,Jagvi,,Bava,Jagvi Bava,98667996878,jagvi67@rediffmail.com,F,1979-04-24,UID-220329433480,
TP-10241,CLM-00947,Janaki,,Mangal,Janaki Mangal,98600678720,janaki15@live.com,F,2001-12-30,UID-897747220002,
TP-10242,CLM-00949,Arin,,Bala,Arin Bala,99231434097,arin13@outlook.co.in,M,1965-11-18,AADHAR-1740-8316-8676,
TP-10243,CLM-00950,Rohan,,Agarwal,Rohan Agarwal,99139477019,rohan84@hotmail.com,M,1988-01-14,UID-943183888117,MEM-12625
TP-10244,CLM-00951,Agastya,,Talwar,Agastya Talwar,98423521852,agastya39@gmail.com,M,1957-03-24,VOTER-D936499,
TP-10245,CLM-00954,Balveer,,Rajan,Balveer Rajan,97165824297,balveer92@live.com,M,2007-09-25,UID-489521977679,
TP-10246,CLM-00955,Bhavya,,Pall,Bhavya Pall,99987077793,bhavya88@yahoo.com,F,1950-09-06,UID-914160799796,
TP-10247,CLM-00956,Inaya,,Narayanan,Inaya Narayanan,99677940236,inaya18@yahoo.com,F,1993-09-12,UID-426784046998,
TP-10248,CLM-00970,Pahal,,Narang,Pahal Narang,99542923500,pahal52@outlook.co.in,F,1987-11-18,VOTER-E375332,
TP-10249,CLM-00972,Harsh,,Kannan,Harsh Kannan,99818326903,harsh88@rediffmail.com,M,1991-08-29,AADHAR-6726-4630-9763,
TP-10250,CLM-00974,Zilmil,,Sur,Zilmil Sur,97497795607,zilmil16@rediffmail.com,F,1986-09-12,VOTER-E619952,
TP-10251,CLM-00979,Ishani,,Hegde,Ishani Hegde,98155335073,ishani27@yahoo.com,F,1991-05-20,UID-185102925284,
TP-10252,CLM-00981,Darika,,Lalla,Darika Lalla,98569407842,darika70@yahoo.com,F,2007-10-04,VOTER-B629067,
TP-10253,CLM-00983,Agastya,,Pau,Agastya Pau,98194936140,agastya35@live.com,M,1997-05-17,VOTER-A990113,MEM-12516
TP-10254,CLM-00985,Balveer,,Mohan,Balveer Mohan,98898397580,balveer28@yahoo.com,M,1995-02-22,UID-250117270509,MEM-12694
TP-10255,CLM-00988,Zaid,,Ramesh,Zaid Ramesh,99722492773,zaid17@yahoo.com,M,1982-04-14,VOTER-B921239,MEM-12104
TP-10256,CLM-00993,Pavani,,Chokshi,Pavani Chokshi,99016881908,pavani53@outlook.co.in,F,2000-11-20,UID-825806175249,
TP-10257,CLM-00995,Lila,,Prabhakar,Lila Prabhakar,98783518696,lila13@hotmail.com,F,1998-12-14,UID-576290891213,MEM-13433
TP-10258,CLM-01000,Simon,,Keer,Simon Keer,99253397884,simon30@gmail.com,M,1986-11-22,VOTER-E370038,
TP-10259,CLM-01003,Faqid,,Gera,Faqid Gera,99197730863,faqid89@hotmail.com,M,1999-01-06,AADHAR-8194-1852-5684,MEM-10876
TP-10260,CLM-01004,Vansha,,Raval,Vansha Raval,99661782155,vansha24@rediffmail.com,F,1987-10-21,AADHAR-4582-3261-4236,
TP-10261,CLM-01007,Pushti,,Sama,Pushti Sama,98243219427,pushti40@gmail.com,F,1977-11-19,VOTER-C331039,MEM-12266
TP-10262,CLM-01008,Ishaan,,Srinivas,Ishaan Srinivas,97148782832,ishaan87@live.com,M,1966-04-13,UID-416044430050,MEM-10912
TP-10263,CLM-01011,Ekansh,,Hegde,Ekansh Hegde,98634481461,ekansh33@gmail.com,M,1956-11-17,UID-810611961719,
TP-10264,CLM-01015,Mohammed,,Nagy,Mohammed Nagy,99408971509,mohammed47@yahoo.com,M,1962-02-23,UID-206170873871,MEM-12280
TP-10265,CLM-01017,Simon,,Mitra,Simon Mitra,97544847255,simon13@yahoo.com,M,1995-12-31,AADHAR-7881-5703-5084,
TP-10266,CLM-01021,Jagvi,,Ranganathan,Jagvi Ranganathan,98053256861,jagvi23@yahoo.com,F,2007-03-01,AADHAR-2040-6616-2761,MEM-12167
TP-10267,CLM-01022,Ronith,,Narula,Ronith Narula,97587814975,ronith21@hotmail.com,M,1976-10-26,VOTER-B814220,
TP-10268,CLM-01026,Vamakshi,,Mohan,Vamakshi Mohan,99786748589,vamakshi73@gmail.com,F,1961-08-30,VOTER-E712693,MEM-12308
TP-10269,CLM-01027,Keya,,Dhaliwal,Keya Dhaliwal,97008715795,keya63@hotmail.com,F,1965-03-30,UID-621770411059,
TP-10270,CLM-01028,Tejas,,Kunda,Tejas Kunda,97983391310,tejas12@gmail.com,M,1976-02-22,AADHAR-8657-5383-3030,
TP-10271,CLM-01032,Ucchal,,Misra,Ucchal Misra,99989529607,ucchal49@rediffmail.com,F,1975-03-22,VOTER-C399608,MEM-10363
TP-10272,CLM-01038,Peter,,Bhatnagar,Peter Bhatnagar,99405021568,peter34@yahoo.com,M,1963-06-21,AADHAR-6746-4302-7425,
TP-10273,CLM-01042,Jonathan,,Verma,Jonathan Verma,99644651199,jonathan24@yahoo.com,M,1964-02-07,AADHAR-9405-4642-7889,
TP-10274,CLM-01044,Oeshi,,Maharaj,Oeshi Maharaj,99602630250,oeshi28@outlook.co.in,F,1979-08-16,UID-889725357501,
TP-10275,CLM-01045,Keya,,Venkatesh,Keya Venkatesh,99526761970,keya95@yahoo.com,F,2007-03-22,UID-104863364907,MEM-13248
TP-10276,CLM-01052,Zinal,,Ghosh,Zinal Ghosh,99050698771,zinal84@gmail.com,F,1972-12-02,UID-730929501115,
TP-10277,CLM-01053,Harrison,,Khanna,Harrison Khanna,99530254935,harrison15@outlook.co.in,M,1962-11-06,VOTER-A268989,
TP-10278,CLM-01055,Netra,,Ramanathan,Netra Ramanathan,98452364203,netra15@gmail.com,F,1956-09-30,AADHAR-9132-2061-3461,
TP-10279,CLM-01057,Maanav,,Choudhury,Maanav Choudhury,99012390712,maanav31@hotmail.com,M,1976-06-25,AADHAR-9218-2618-2028,MEM-10911
TP-10280,CLM-01060,Rajeshri,,Kaul,Rajeshri Kaul,99520981674,rajeshri85@hotmail.com,F,1987-03-13,AADHAR-8036-5262-5794,MEM-10651
TP-10281,CLM-01064,Ayaan,,Chauhan,Ayaan Chauhan,97094893487,ayaan21@gmail.com,M,1980-03-06,UID-149585143319,
TP-10282,CLM-01068,Yutika,,Gupta,Yutika Gupta,98191686871,yutika30@yahoo.com,F,1975-04-11,VOTER-A843818,MEM-12047
TP-10283,CLM-01070,Karan,,Bath,Karan Bath,98421967786,karan55@outlook.co.in,M,1976-10-12,AADHAR-4835-2271-3701,
TP-10284,CLM-01072,Adya,,Zacharia,Adya Zacharia,99849049565,adya20@gmail.com,F,1956-01-10,VOTER-E490274,
TP-10285,CLM-01073,Raghav,,Dutta,Raghav Dutta,98336169082,raghav44@outlook.co.in,M,1977-04-10,UID-976406546936,MEM-12361
TP-10286,CLM-01075,Neel,,Balan,Neel Balan,99648904941,neel29@gmail.com,M,1952-04-28,AADHAR-4618-7804-7757,
TP-10287,CLM-01085,Nandini,,Dhar,Nandini Dhar,99373965767,nandini71@outlook.co.in,F,1973-09-16,VOTER-D122996,
TP-10288,CLM-01095,Widisha,,Iyengar,Widisha Iyengar,98791684271,widisha34@hotmail.com,F,1966-03-13,UID-271399751645,MEM-11079
TP-10289,CLM-01101,Wakeeta,,Sama,Wakeeta Sama,99620819542,wakeeta61@outlook.co.in,F,1977-07-04,UID-193272694123,MEM-12638
TP-10290,CLM-01104,Vinaya,,Chaudhuri,Vinaya Chaudhuri,98891603526,vinaya26@outlook.co.in,F,1999-01-13,AADHAR-2527-4818-1074,
TP-10291,CLM-01106,Abha,,Patla,Abha Patla,97325431901,abha59@outlook.co.in,F,1973-10-28,AADHAR-2174-8566-7589,
TP-10292,CLM-01110,Samaksh,,Yohannan,Samaksh Yohannan,98172913711,samaksh66@live.com,M,2005-06-09,VOTER-E866037,
TP-10293,CLM-01116,Farhan,,Morar,Farhan Morar,99363993551,farhan24@hotmail.com,M,1963-08-12,AADHAR-3343-6286-1181,MEM-12334
TP-10294,CLM-01118,Kashvi,,Sen,Kashvi Sen,99598113142,kashvi95@hotmail.com,F,2004-03-04,UID-794597915556,MEM-12440
TP-10295,CLM-01120,Wyatt,,Bajaj,Wyatt Bajaj,99912999737,wyatt53@outlook.co.in,M,1987-08-08,VOTER-C421506,
TP-10296,CLM-01122,Priya,,Mitra,Priya Mitra,97429583485,priya81@live.com,F,1960-08-15,UID-516898310115,MEM-10022
TP-10297,CLM-01124,Warhi,,Sangha,Warhi Sangha,99827364623,warhi75@yahoo.com,F,1970-08-23,UID-941201413491,MEM-10360
TP-10298,CLM-01131,Kritika,,Pandit,Kritika Pandit,97999277696,kritika29@yahoo.com,F,1993-05-22,UID-378962643431,MEM-13167
TP-10299,CLM-01135,Wyatt,,Solanki,Wyatt Solanki,97386707600,wyatt31@hotmail.com,M,1979-03-28,VOTER-A136581,
TP-10300,CLM-01136,Kashvi,,Lata,Kashvi Lata,97418359413,kashvi64@yahoo.com,F,1950-01-17,AADHAR-6636-4052-9062,
TP-10301,CLM-01137,Ishaan,,Mallick,Ishaan Mallick,99575423749,ishaan61@live.com,M,1961-07-23,AADHAR-5580-5061-5990,
TP-10302,CLM-01138,Vasatika,,Nagy,Vasatika Nagy,98741241319,vasatika51@yahoo.com,F,1987-01-08,UID-332314776805,
TP-10303,CLM-01143,Jack,,Mohan,Jack Mohan,98500146982,jack74@gmail.com,M,1975-05-04,UID-365100353562,MEM-12498
TP-10304,CLM-01144,Oni,,Arya,Oni Arya,99271839078,oni33@hotmail.com,F,1989-09-26,UID-429027567271,
TP-10305,CLM-01145,Mason,,Purohit,Mason Purohit,97889390682,mason10@live.com,M,1996-01-04,VOTER-C969089,MEM-12477
TP-10306,CLM-01153,Leela,,Nayar,Leela Nayar,98933191460,leela27@gmail.com,F,1964-06-06,VOTER-B807156,MEM-11542
TP-10307,CLM-01155,Raagini,,Varghese,Raagini Varghese,97456610182,raagini53@hotmail.com,F,1953-03-15,AADHAR-9620-8767-5797,
TP-10308,CLM-01158,Indira,,Sane,Indira Sane,97699012527,indira16@gmail.com,F,1982-12-15,AADHAR-9287-2948-3800,
TP-10309,CLM-01162,Andrew,,Hegde,Andrew Hegde,97672512592,andrew26@hotmail.com,M,2007-07-04,AADHAR-8121-8181-1742,MEM-10752
TP-10310,CLM-01164,Maanav,,Bobal,Maanav Bobal,97260240653,maanav55@outlook.co.in,M,1970-04-11,UID-364447312924,
TP-10311,CLM-01166,Aashi,,Cheema,Aashi Cheema,99015509149,aashi69@yahoo.com,F,2006-06-29,VOTER-B724742,
TP-10312,CLM-01168,Fariq,,Bava,Fariq Bava,98954911003,fariq77@live.com,M,1968-10-31,AADHAR-6075-4005-9234,
TP-10313,CLM-01169,Christopher,,Chauhan,Christopher Chauhan,98054011167,christopher87@rediffmail.com,M,1987-05-18,VOTER-E699809,MEM-11948
TP-10314,CLM-01175,Nicholas,,Lal,Nicholas Lal,99299732994,nicholas69@hotmail.com,M,1985-10-01,UID-546699537233,
TP-10315,CLM-01177,Madhav,,Yadav,Madhav Yadav,98764664914,madhav67@yahoo.com,M,2001-01-24,AADHAR-5487-9157-5518,MEM-10499
TP-10316,CLM-01187,Samuel,,Bora,Samuel Bora,98050470485,samuel59@gmail.com,M,1994-04-23,VOTER-C657400,
TP-10317,CLM-01188,Darpan,,Jain,Darpan Jain,98562979274,darpan50@gmail.com,M,1990-09-25,UID-789673424901,MEM-10066
TP-10318,CLM-01192,Atharv,,Mutti,Atharv Mutti,97812575135,atharv79@rediffmail.com,M,2003-08-11,AADHAR-6275-3336-4838,
TP-10319,CLM-01193,Ekaraj,,Amble,Ekaraj Amble,99231817406,ekaraj92@live.com,M,1992-06-15,AADHAR-8227-8511-4878,
TP-10320,CLM-01194,Dev,,Sachar,Dev Sachar,99535526538,dev62@hotmail.com,M,1996-03-10,AADHAR-9376-7586-6032,MEM-12680
TP-10321,CLM-01199,Ranveer,,D’Alia,Ranveer D’Alia,99481025333,ranveer37@rediffmail.com,M,2007-10-02,AADHAR-9456-8453-6581,
TP-10322,CLM-01203,Balendra,,Mutti,Balendra Mutti,98836941122,balendra99@live.com,M,1968-03-10,VOTER-C150056,
TP-10323,CLM-01209,Abha,,Babu,Abha Babu,99303606991,abha16@gmail.com,F,1985-11-12,UID-300298666653,
TP-10324,CLM-01214,Aayush,,Parsa,Aayush Parsa,99684549694,aayush26@rediffmail.com,M,1977-06-23,UID-876793219404,MEM-10893
TP-10325,CLM-01218,Janaki,,Samra,Janaki Samra,97719197893,janaki27@rediffmail.com,F,1966-03-30,AADHAR-8123-5390-8000,MEM-12500
TP-10326,CLM-01223,Henry,,Seth,Henry Seth,99887815547,henry38@outlook.co.in,M,1974-07-31,VOTER-A714101,MEM-12703
TP-10327,CLM-01225,Shravya,,Ben,Shravya Ben,98078325156,shravya97@gmail.com,F,1983-01-31,UID-272982274727,
TP-10328,CLM-01227,Samar,,Kamdar,Samar Kamdar,99668555131,samar66@outlook.co.in,M,1965-05-26,AADHAR-9045-3437-5648,
TP-10329,CLM-01228,Owen,,Jaggi,Owen Jaggi,99498138134,owen78@rediffmail.com,M,1996-08-11,UID-108201737428,MEM-11893
TP-10330,CLM-01236,Gaurangi,,Patla,Gaurangi Patla,97854684855,gaurangi18@rediffmail.com,F,1990-12-25,VOTER-A278068,MEM-11136
TP-10331,CLM-01238,George,,Parikh,George Parikh,98562809789,george10@rediffmail.com,M,1970-08-04,AADHAR-9398-6527-1234,
TP-10332,CLM-01240,Vidhi,,Nair,Vidhi Nair,97139670839,vidhi97@live.com,F,1998-07-02,VOTER-D324797,
TP-10333,CLM-01241,Jagat,,Madan,Jagat Madan,97581648264,jagat33@rediffmail.com,M,1978-08-10,VOTER-D391538,
TP-10334,CLM-01256,Rohan,,Dani,Rohan Dani,97218564600,rohan13@outlook.co.in,M,1993-12-07,VOTER-B328915,MEM-10412
TP-10335,CLM-01267,Gagan,,Butala,Gagan Butala,99947264113,gagan88@outlook.co.in,M,2001-04-02,AADHAR-8661-1214-4873,
TP-10336,CLM-01274,Teerth,,Chahal,Teerth Chahal,99953799523,teerth10@hotmail.com,M,1965-07-02,VOTER-D200397,
TP-10337,CLM-01276,Bhavani,,Dugal,Bhavani Dugal,97343299755,bhavani34@live.com,F,1951-09-14,AADHAR-4524-5372-4865,
TP-10338,CLM-01277,Hemang,,Dave,Hemang Dave,99942617972,hemang51@gmail.com,M,1973-04-10,UID-561419139276,
TP-10339,CLM-01279,Zansi,,Prasad,Zansi Prasad,99915480004,zansi14@outlook.co.in,F,1990-06-30,AADHAR-8170-8142-7049,MEM-13372
TP-10340,CLM-01281,Manya,,Pandey,Manya Pandey,99882862029,manya69@gmail.com,F,1963-12-15,UID-926457219954,MEM-12253
TP-10341,CLM-01282,Xiti,,Sinha,Xiti Sinha,97065958450,xiti54@hotmail.com,F,1968-05-27,AADHAR-6392-4905-5268,
TP-10342,CLM-01292,Baljiwan,,Kapadia,Baljiwan Kapadia,99656448688,baljiwan31@hotmail.com,M,2002-12-04,VOTER-B265096,
TP-10343,CLM-01298,Kashvi,,Sidhu,Kashvi Sidhu,98735907914,kashvi82@gmail.com,F,1984-02-01,VOTER-A858368,MEM-11288
TP-10344,CLM-01301,Sudiksha,,Patla,Sudiksha Patla,99958214423,sudiksha49@hotmail.com,F,1995-05-21,AADHAR-7447-2127-7637,
TP-10345,CLM-01302,Jonathan,,Dube,Jonathan Dube,97276048486,jonathan19@gmail.com,M,1997-05-11,VOTER-E916440,
TP-10346,CLM-01303,Zilmil,,Kanda,Zilmil Kanda,97224431706,zilmil61@yahoo.com,F,2006-08-10,AADHAR-6982-9600-7109,
TP-10347,CLM-01306,Prisha,,Gaba,Prisha Gaba,99937296217,prisha96@live.com,F,2003-09-21,VOTER-A162302,
TP-10348,CLM-01307,Ekansh,,Hayre,Ekansh Hayre,98019618178,ekansh26@live.com,M,1954-04-29,AADHAR-4903-9049-7509,
TP-10349,CLM-01314,Hemang,,Sankaran,Hemang Sankaran,99118469624,hemang35@yahoo.com,M,1950-04-29,UID-786412308503,
TP-10350,CLM-01316,Dev,,Zachariah,Dev Zachariah,99419551899,dev89@gmail.com,M,1992-06-13,AADHAR-9627-3845-9309,
TP-10351,CLM-01319,Qabil,,Gandhi,Qabil Gandhi,97031350505,qabil52@live.com,M,1970-10-18,AADHAR-2417-7561-7261,
TP-10352,CLM-01320,Hemang,,Ghosh,Hemang Ghosh,99923502614,hemang69@rediffmail.com,M,1996-04-22,AADHAR-5288-4313-4451,MEM-12847
TP-10353,CLM-01323,Harshil,,Dhaliwal,Harshil Dhaliwal,99833991611,harshil88@outlook.co.in,M,1982-10-13,UID-762855673042,MEM-11550
TP-10354,CLM-01325,Azaan,,Suri,Azaan Suri,97640782324,azaan38@yahoo.com,M,2005-12-06,VOTER-D612288,
TP-10355,CLM-01334,Ria,,Subramanian,Ria Subramanian,98207970182,ria79@gmail.com,F,2007-03-01,AADHAR-1659-5258-9336,
TP-10356,CLM-01341,Chasmum,,Jha,Chasmum Jha,99737355574,chasmum88@live.com,F,1961-08-19,UID-432873213462,
TP-10357,CLM-01343,Krishna,,Sandal,Krishna Sandal,98042455349,krishna51@gmail.com,F,1976-02-22,VOTER-B757415,
TP-10358,CLM-01347,Maanas,,Bir,Maanas Bir,99671655921,maanas73@outlook.co.in,M,1964-04-23,VOTER-C216817,MEM-11810
TP-10359,CLM-01350,Diya,,Gera,Diya Gera,97978323373,diya32@live.com,F,1963-09-18,UID-995175365155,
TP-10360,CLM-01354,Henry,,Mody,Henry Mody,97333902678,henry68@yahoo.com,M,1965-03-27,VOTER-C580334,
TP-10361,CLM-01355,Daniel,,Jani,Daniel Jani,99558069804,daniel20@outlook.co.in,M,1987-08-16,VOTER-D476676,MEM-11167
TP-10362,CLM-01364,Rajata,,Ramachandran,Rajata Ramachandran,99224626196,rajata16@yahoo.com,F,1991-12-24,UID-145319096586,
TP-10363,CLM-01367,Anjali,,Boase,Anjali Boase,98257265478,anjali72@hotmail.com,F,1969-07-31,AADHAR-2525-3008-8866,
TP-10364,CLM-01375,Peter,,Bandi,Peter Bandi,99112175985,peter10@live.com,M,1996-12-21,VOTER-B929435,
TP-10365,CLM-01376,Mohini,,Dutta,Mohini Dutta,99520573522,mohini83@live.com,F,1993-12-06,AADHAR-4679-1247-1663,MEM-12940
TP-10366,CLM-01378,Caleb,,Nagarajan,Caleb Nagarajan,98030166422,caleb93@yahoo.com,M,1988-01-12,AADHAR-3569-2369-1627,
TP-10367,CLM-01383,Fiyaz,,Ganesan,Fiyaz Ganesan,99655066803,fiyaz96@live.com,M,1967-07-26,VOTER-A473382,
TP-10368,CLM-01386,Waida,,Varughese,Waida Varughese,97622133821,waida87@rediffmail.com,F,1971-04-28,AADHAR-9796-7896-2077,
TP-10369,CLM-01387,Madhav,,Dara,Madhav Dara,99338003422,madhav87@gmail.com,M,2005-01-06,UID-607943712622,MEM-11089
TP-10370,CLM-01388,Faras,,Dube,Faras Dube,97339602918,faras70@outlook.co.in,M,2002-12-15,UID-139934153425,MEM-13487
TP-10371,CLM-01396,Michael,,Kadakia,Michael Kadakia,97607168021,michael97@hotmail.com,M,1959-01-02,VOTER-D174235,
TP-10372,CLM-01398,Yadavi,,Naik,Yadavi Naik,99423072168,yadavi25@live.com,F,1992-12-23,UID-627328673214,MEM-11965
TP-10373,CLM-01400,Edhitha,,Patil,Edhitha Patil,99406292553,edhitha71@outlook.co.in,F,1964-11-01,AADHAR-2579-7427-4342,
TP-10374,CLM-01403,Theodore,,Kohli,Theodore Kohli,97353846463,theodore76@gmail.com,M,1958-01-12,UID-930369619128,
TP-10375,CLM-01405,Xavier,,Chaudry,Xavier Chaudry,99577576767,xavier36@outlook.co.in,M,1969-12-26,UID-340201141103,MEM-13203
TP-10376,CLM-01407,Riya,,Rege,Riya Rege,97258111233,riya54@hotmail.com,F,1997-12-12,VOTER-C889402,
TP-10377,CLM-01408,Pavani,,Dani,Pavani Dani,99310484401,pavani97@rediffmail.com,F,2006-01-17,UID-332208948600,
TP-10378,CLM-01412,Eesha,,Padmanabhan,Eesha Padmanabhan,98780123237,eesha80@hotmail.com,F,1987-09-12,VOTER-A233589,MEM-11779
TP-10379,CLM-01416,Hitesh,,Chanda,Hitesh Chanda,99414661632,hitesh68@hotmail.com,M,1962-11-06,AADHAR-8048-3306-8791,
TP-10380,CLM-01423,Owen,,Arora,Owen Arora,98097489448,owen27@live.com,M,1989-07-23,AADHAR-7729-7361-3250,
TP-10381,CLM-01427,Christopher,,Mane,Christopher Mane,98744105772,christopher89@hotmail.com,M,1990-01-27,VOTER-B855908,MEM-12061
TP-10382,CLM-01432,Nidra,,Mahal,Nidra Mahal,97177193588,sai24@hotmail.com,M,1995-04-16,AADHAR-1505-1704-2778,
TP-10383,CLM-01434,Gauri,,Chad,Gauri Chad,97898198299,gauri22@live.com,F,1965-11-03,VOTER-E787277,
TP-10384,CLM-01440,Lohit,,Guha,Lohit Guha,97296366086,lohit58@live.com,M,1997-09-07,UID-792368961163,MEM-12890
TP-10385,CLM-01450,Theodore,,Sethi,Theodore Sethi,99571248739,theodore85@yahoo.com,M,1964-07-15,VOTER-C223655,MEM-11549
TP-10386,CLM-01469,Neelima,,Menon,Neelima Menon,98593635045,neelima49@live.com,F,1990-06-04,AADHAR-4150-1804-5934,
TP-10387,CLM-01470,Kashish,,Manda,Kashish Manda,97715285494,kashish36@outlook.co.in,F,1980-06-06,UID-748925337055,
TP-10388,CLM-01473,Harsh,,Solanki,Harsh Solanki,99863882926,harsh16@live.com,M,1995-11-15,UID-889252692453,
TP-10389,CLM-01478,Aayush,,Batra,Aayush Batra,98830124863,aayush72@live.com,M,1979-07-29,AADHAR-8540-2401-2203,
TP-10390,CLM-01481,Zilmil,,Pradhan,Zilmil Pradhan,98806810492,zilmil94@yahoo.com,F,1967-09-08,VOTER-E760992,
TP-10391,CLM-01484,Zaitra,,Deo,Zaitra Deo,99685597658,zaitra10@outlook.co.in,F,1965-02-14,UID-602114348207,
TP-10392,CLM-01490,Yashica,,Mangal,Yashica Mangal,99535750362,yashica81@yahoo.com,F,2005-09-24,UID-353324175222,MEM-11209
TP-10393,CLM-01491,Nathan,,Loyal,Nathan Loyal,99804714945,nathan41@rediffmail.com,M,1984-09-22,AADHAR-5113-8650-2747,
TP-10394,CLM-01498,Raghav,,Pant,Raghav Pant,97637093990,raghav63@live.com,M,1982-06-18,VOTER-B187108,
TP-10395,CLM-01506,Inaya,,Sarraf,Inaya Sarraf,97655042922,inaya27@outlook.co.in,F,1982-04-01,VOTER-D608924,MEM-11292
TP-10396,CLM-01509,Dalaja,,Contractor,Dalaja Contractor,97487409833,dalaja74@rediffmail.com,F,1974-05-09,VOTER-B167807,
TP-10397,CLM-01510,Anamika,,Dixit,Anamika Dixit,97933964364,anamika78@hotmail.com,F,1960-08-09,AADHAR-5918-5672-6790,MEM-13022
TP-10398,CLM-01512,Chavvi,,Chana,Chavvi Chana,98274317444,chavvi95@outlook.co.in,F,1970-06-01,VOTER-C302466,MEM-10936
TP-10399,CLM-01513,Girik,,Balasubramanian,Girik Balasubramanian,98426539902,girik96@hotmail.com,M,2000-11-22,VOTER-B957927,
TP-10400,CLM-01515,Nidra,,Mahal,Nidra Mahal,98214528862,samarth83@live.com,M,1995-04-16,AADHAR-1505-1704-2778,
TP-10401,CLM-01517,Harish,,Dar,Harish Dar,99047482715,harish86@yahoo.com,M,1985-08-19,AADHAR-3260-1024-5007,
TP-10402,CLM-01519,Bishakha,,Palan,Bishakha Palan,97779407689,bishakha89@live.com,F,1956-11-03,VOTER-C364449,
TP-10403,CLM-01520,Alka,,Sangha,Alka Sangha,98861709028,alka36@yahoo.com,F,1995-10-16,AADHAR-7174-6692-6269,
TP-10404,CLM-01523,Advik,,Sani,Advik Sani,98125441458,advik35@hotmail.com,M,2001-06-17,UID-276856998592,
TP-10405,CLM-01525,Ladli,,Sen,Ladli Sen,97762353606,ladli16@outlook.co.in,F,1958-01-25,AADHAR-3478-7592-7146,
TP-10406,CLM-01529,Tanish,,Dar,Tanish Dar,98584745635,tanish94@yahoo.com,M,1961-05-06,UID-257616928232,MEM-11496
TP-10407,CLM-01533,Champak,,Raval,Champak Raval,99543824004,champak48@rediffmail.com,M,1989-04-13,AADHAR-3421-1376-6673,
TP-10408,CLM-01534,Raksha,,Dey,Raksha Dey,99678117140,raksha45@outlook.co.in,F,1960-11-27,VOTER-B316650,
TP-10409,CLM-01535,Samarth,,Dhingra,Samarth Dhingra,99166776078,samarth16@rediffmail.com,M,1967-11-09,AADHAR-5829-8007-3658,
TP-10410,CLM-01537,Ladli,,Sankar,Ladli Sankar,98368409586,ladli90@yahoo.com,F,1973-08-05,UID-836203872068,
TP-10411,CLM-01541,Mahika,,Tak,Mahika Tak,97323010070,mahika85@yahoo.com,F,1972-06-25,AADHAR-9684-7054-7103,MEM-13052
TP-10412,CLM-01544,Lavanya,,Virk,Lavanya Virk,98978524564,lavanya42@gmail.com,F,1955-09-23,AADHAR-3730-6106-1987,
TP-10413,CLM-01550,Harish,,Prabhu,Harish Prabhu,97179871116,harish62@yahoo.com,M,1950-08-04,UID-438192252790,
TP-10414,CLM-01552,Maya,,Rout,Maya Rout,99296773060,maya39@rediffmail.com,F,1994-07-07,UID-832181488780,
TP-10415,CLM-01558,Gavin,,Nazareth,Gavin Nazareth,99330049395,gavin91@yahoo.com,M,1951-05-15,VOTER-E822255,
TP-10416,CLM-01559,Urishilla,,Narain,Urishilla Narain,98245123558,urishilla76@hotmail.com,F,1988-04-06,UID-800992365327,MEM-10504
TP-10417,CLM-01570,Zinal,,Krishnamurthy,Zinal Krishnamurthy,98001991468,zinal46@outlook.co.in,F,1984-04-22,UID-188506760296,
TP-10418,CLM-01574,Vihaan,,Pau,Vihaan Pau,98035992790,vihaan71@yahoo.com,M,1998-03-16,VOTER-B366301,
TP-10419,CLM-01576,Wahab,,Rajagopal,Wahab Rajagopal,99922229444,wahab88@gmail.com,M,1989-07-14,VOTER-A987748,MEM-10105
TP-10420,CLM-01577,Girish,,Mann,Girish Mann,98121456620,girish18@outlook.co.in,M,1991-09-11,UID-423564180562,
TP-10421,CLM-01582,Anusha,,Randhawa,Anusha Randhawa,97694578759,anusha77@outlook.co.in,F,1993-02-03,UID-918608354013,MEM-12697
TP-10422,CLM-01596,Faraj,,Yadav,Faraj Yadav,99862069116,faraj70@gmail.com,M,2002-12-31,UID-694328578336,
TP-10423,CLM-01597,Xiti,,Ganguly,Xiti Ganguly,99184499486,xiti67@live.com,F,1971-10-09,VOTER-A313815,
TP-10424,CLM-01598,Idika,,Ratta,Idika Ratta,98504904781,idika16@live.com,F,1980-01-23,VOTER-A553122,
TP-10425,CLM-01601,Fiyaz,,Kanda,Fiyaz Kanda,97010799714,fiyaz50@rediffmail.com,M,1964-05-22,AADHAR-4137-9234-4195,
TP-10426,CLM-01604,Mohini,,Hans,Mohini Hans,98419832326,mohini50@gmail.com,F,1973-03-25,UID-277356592200,
TP-10427,CLM-01605,Pratyush,,Murty,Pratyush Murty,97509941829,pratyush30@hotmail.com,M,1989-08-09,UID-482915885390,
TP-10428,CLM-01606,Girish,,Dayal,Girish Dayal,97172491539,girish99@outlook.co.in,M,1999-11-29,AADHAR-6897-6115-6208,MEM-11826
TP-10429,CLM-01621,Banjeet,,Goyal,Banjeet Goyal,99103328007,banjeet65@hotmail.com,M,1953-09-13,UID-385208362873,
TP-10430,CLM-01626,Alka,,Randhawa,Alka Randhawa,98124387645,alka40@live.com,F,1985-04-14,VOTER-E741137,
TP-10431,CLM-01635,Xalak,,Karnik,Xalak Karnik,98554480817,xalak57@yahoo.com,F,1998-09-04,VOTER-B883548,MEM-13498
TP-10432,CLM-01639,Balendra,,Date,Balendra Date,99257452065,balendra16@hotmail.com,M,1957-06-03,UID-257494533079,
TP-10433,CLM-01641,Ria,,Lata,Ria Lata,97115901639,ria72@outlook.co.in,F,1952-08-12,AADHAR-3796-1437-2446,
TP-10434,CLM-01655,Vincent,,Bhavsar,Vincent Bhavsar,99379223953,vincent49@hotmail.com,M,1960-01-01,VOTER-B743712,MEM-10834
TP-10435,CLM-01661,Gauri,,Luthra,Gauri Luthra,97596701959,gauri75@gmail.com,F,1975-05-11,UID-136405469996,
TP-10436,CLM-01662,Diya,,Chakraborty,Diya Chakraborty,97350232634,diya27@gmail.com,F,1987-06-27,AADHAR-6305-5108-1666,
TP-10437,CLM-01667,Anamika,,Varty,Anamika Varty,97687248077,anamika17@gmail.com,F,1976-03-15,AADHAR-2757-9599-1519,MEM-12340
TP-10438,CLM-01670,Radhika,,Dutt,Radhika Dutt,97646042650,radhika75@gmail.com,F,2003-12-08,VOTER-E908337,
TP-10439,CLM-01672,Bhavya,,Chopra,Bhavya Chopra,97106370544,bhavya49@hotmail.com,F,1959-06-27,AADHAR-1439-1180-3552,
TP-10440,CLM-01673,Hitesh,,Bhakta,Hitesh Bhakta,97027649781,hitesh80@rediffmail.com,M,1969-01-09,UID-654147936610,MEM-10744
TP-10441,CLM-01674,Jai,,Dhaliwal,Jai Dhaliwal,98084478564,jai88@rediffmail.com,M,1972-11-07,UID-820981977446,
TP-10442,CLM-01675,Yahvi,,Reddy,Yahvi Reddy,98525040261,yahvi49@rediffmail.com,F,1971-03-08,VOTER-A142352,
TP-10443,CLM-01686,Nitara,,Pandya,Nitara Pandya,99451794830,nitara81@gmail.com,F,1953-01-13,VOTER-D559910,
TP-10444,CLM-01688,Vyanjana,,Walia,Vyanjana Walia,98348614599,vyanjana67@live.com,F,1995-10-10,VOTER-C990207,
TP-10445,CLM-01694,Akshay,,Varkey,Akshay Varkey,97203087084,akshay18@rediffmail.com,M,1966-04-12,UID-464836255256,MEM-10519
TP-10446,CLM-01695,Anamika,,Mane,Anamika Mane,98886881111,anamika58@gmail.com,F,1969-04-22,VOTER-C787735,
TP-10447,CLM-01696,Ekiya,,Iyengar,Ekiya Iyengar,98223253776,ekiya12@outlook.co.in,F,1972-04-12,AADHAR-2784-4115-5242,MEM-13096
TP-10448,CLM-01697,Patrick,,Memon,Patrick Memon,97171970202,patrick40@gmail.com,M,1995-08-04,VOTER-A179488,MEM-10807
TP-10449,CLM-01701,Nachiket,,Din,Nachiket Din,97319867299,nachiket45@gmail.com,M,1987-07-29,AADHAR-3227-2752-5216,
TP-10450,CLM-01708,Anay,,Srinivas,Anay Srinivas,99216998565,anay91@outlook.co.in,M,1983-09-03,AADHAR-4420-8414-4842,
TP-10451,CLM-01711,Girik,,Chacko,Girik Chacko,98164569838,girik58@yahoo.com,M,1988-03-06,UID-640192886587,
TP-10452,CLM-01713,Isaiah,,Dani,Isaiah Dani,97004233531,isaiah89@rediffmail.com,M,1966-06-05,VOTER-B932459,
TP-10453,CLM-01714,Chaman,,Lala,Chaman Lala,97217684530,chaman45@gmail.com,F,1984-11-03,AADHAR-8438-7694-3930,
TP-10454,CLM-01724,Hardik,,Gade,Hardik Gade,98625514033,hardik61@outlook.co.in,M,1982-01-18,UID-322298374521,
TP-10455,CLM-01727,Devansh,,Khare,Devansh Khare,97433263792,devansh13@outlook.co.in,M,1951-09-09,AADHAR-8287-2210-3825,
TP-10456,CLM-01730,Brijesh,,Jayaraman,Brijesh Jayaraman,99524605837,brijesh12@rediffmail.com,M,1978-05-26,AADHAR-4348-5551-6219,
TP-10457,CLM-01737,Noah,,Sahota,Noah Sahota,98684237781,noah80@rediffmail.com,M,1992-03-09,AADHAR-7676-3287-2192,
TP-10458,CLM-01738,Mitali,,Basu,Mitali Basu,97926874222,mitali84@yahoo.com,F,1993-06-29,VOTER-D765614,MEM-13373
TP-10459,CLM-01744,Megha,,Sarma,Megha Sarma,99234929079,megha80@gmail.com,F,1998-04-06,VOTER-C466856,
TP-10460,CLM-01749,Rajata,,Agrawal,Rajata Agrawal,99219679767,rajata59@live.com,F,2003-08-18,VOTER-C154613,
TP-10461,CLM-01754,Logan,,Viswanathan,Logan Viswanathan,98258149079,logan89@gmail.com,M,1961-10-11,UID-436734885881,
TP-10462,CLM-01755,Azad,,Divan,Azad Divan,99004827036,azad29@gmail.com,M,1953-11-05,AADHAR-3456-6072-4212,
TP-10463,CLM-01759,Qabil,,Shukla,Qabil Shukla,99566368525,qabil40@yahoo.com,M,1963-01-04,VOTER-E433920,MEM-11901
TP-10464,CLM-01764,Nakul,,Sem,Nakul Sem,99455928861,nakul62@yahoo.com,M,1988-02-29,UID-338909098684,
TP-10465,CLM-01769,Darika,,Bora,Darika Bora,97593176312,darika64@yahoo.com,F,1997-02-26,VOTER-D537921,
TP-10466,CLM-01770,Nimrat,,Deshpande,Nimrat Deshpande,97455128393,nimrat81@yahoo.com,F,2002-05-28,AADHAR-4418-4196-5500,
TP-10467,CLM-01778,Urvashi,,Talwar,Urvashi Talwar,99661086675,urvashi43@hotmail.com,F,2007-10-15,AADHAR-4245-1908-1497,
TP-10468,CLM-01781,Leela,,Rege,Leela Rege,97956786868,leela43@rediffmail.com,F,1960-02-13,AADHAR-7209-4862-3400,
TP-10469,CLM-01783,Gopal,,Roy,Gopal Roy,97441324022,gopal12@live.com,M,1980-07-30,VOTER-B138254,
TP-10470,CLM-01784,Faraj,,Mall,Faraj Mall,97054800981,faraj92@yahoo.com,M,2001-09-25,AADHAR-5598-2161-3467,
TP-10471,CLM-01787,Qabil,,Mohan,Qabil Mohan,99322029183,qabil96@gmail.com,M,1992-05-29,UID-687630142106,
TP-10472,CLM-01798,Charan,,Bath,Charan Bath,98321518735,charan62@outlook.co.in,M,1969-10-30,VOTER-D492599,
TP-10473,CLM-01801,Aachal,,Bhavsar,Aachal Bhavsar,99045747149,aachal91@rediffmail.com,F,2002-10-03,AADHAR-2934-7705-5326,
TP-10474,CLM-01806,Daksha,,Chatterjee,Daksha Chatterjee,98870951696,daksha40@outlook.co.in,F,1996-07-24,UID-696724362969,
TP-10475,CLM-01807,Yashawini,,Sheth,Yashawini Sheth,99102253529,yashawini97@live.com,F,1985-03-23,UID-487349833452,MEM-11139
TP-10476,CLM-01810,Balvan,,Patil,Balvan Patil,97930138806,balvan15@hotmail.com,M,2002-06-17,AADHAR-3063-7164-8174,
TP-10477,CLM-01817,Manya,,Batta,Manya Batta,99523276624,manya50@rediffmail.com,F,1986-02-18,UID-708989855076,
TP-10478,CLM-01824,Wyatt,,Parmar,Wyatt Parmar,99128931214,wyatt72@gmail.com,M,1981-01-06,UID-472442708317,MEM-12966
TP-10479,CLM-01826,Yochana,,Jhaveri,Yochana Jhaveri,97026254953,yochana10@rediffmail.com,F,1984-12-15,UID-285729123156,
TP-10480,CLM-01827,Ekansh,,Contractor,Ekansh Contractor,97710675081,ekansh55@live.com,M,1977-08-02,UID-632051572803,MEM-10389
TP-10481,CLM-01832,Nathan,,Radhakrishnan,Nathan Radhakrishnan,99272972107,nathan51@rediffmail.com,M,1973-04-24,AADHAR-9479-9674-2443,
TP-10482,CLM-01836,Rachita,,Vig,Rachita Vig,98487089358,rachita68@outlook.co.in,F,1975-11-09,UID-599445665138,
TP-10483,CLM-01845,Leela,,Chaudry,Leela Chaudry,97066990185,leela24@live.com,F,1956-08-25,AADHAR-5759-5894-3854,
TP-10484,CLM-01849,Manbir,,Dhar,Manbir Dhar,97866982287,manbir81@outlook.co.in,M,1994-05-10,VOTER-C688546,
TP-10485,CLM-01854,Gauri,,Amble,Gauri Amble,99533546420,gauri63@hotmail.com,F,1969-04-09,VOTER-A566582,
TP-10486,CLM-01860,Charan,,Nath,Charan Nath,97505708049,charan38@rediffmail.com,M,1963-08-13,AADHAR-3828-7307-2125,
TP-10487,CLM-01863,Anthony,,Patla,Anthony Patla,97172033316,anthony36@outlook.co.in,M,1976-08-19,UID-895045990958,
TP-10488,CLM-01866,Akshay,,Mistry,Akshay Mistry,99036088688,akshay57@rediffmail.com,M,1979-03-31,VOTER-D634599,
TP-10489,CLM-01870,David,,Chandran,David Chandran,98305990655,david70@live.com,M,1959-09-10,AADHAR-9807-5868-5749,
TP-10490,CLM-01871,Krishna,,Kala,Krishna Kala,99853709390,ishaan32@live.com,F,1976-12-03,UID-324999957614,
TP-10491,CLM-01873,Bimala,,Kadakia,Bimala Kadakia,99570649287,bimala92@hotmail.com,F,1969-08-05,AADHAR-5102-5328-1748,
TP-10492,CLM-01876,Nikita,,Madan,Nikita Madan,97361789362,nikita45@live.com,F,1966-12-22,VOTER-D132891,MEM-12788
TP-10493,CLM-01877,Isaac,,Chahal,Isaac Chahal,98206090401,isaac64@rediffmail.com,M,1964-08-12,AADHAR-8006-5387-7607,MEM-10864
TP-10494,CLM-01878,Rudra,,Vaidya,Rudra Vaidya,97398604542,rudra45@hotmail.com,M,1976-09-04,UID-796657310391,MEM-11518
TP-10495,CLM-01879,Vinaya,,Mahal,Vinaya Mahal,97342167360,vinaya53@live.com,F,2004-04-29,AADHAR-1440-7383-5167,
TP-10496,CLM-01881,Charles,,Sundaram,Charles Sundaram,99251938441,charles87@outlook.co.in,M,2002-05-02,UID-645820029610,MEM-13376
TP-10497,CLM-01885,Pranav,,Mani,Pranav Mani,98034504914,pranav23@yahoo.com,M,1964-01-11,UID-588146108835,
TP-10498,CLM-01886,Simon,,Goel,Simon Goel,99786311378,simon73@outlook.co.in,M,1993-05-04,AADHAR-8015-7613-8499,
TP-10499,CLM-01893,Nidra,,Mahal,Nidra Mahal,98928356181,warhi69@gmail.com,M,1995-04-16,AADHAR-1505-1704-2778,
TP-10500,CLM-01897,Unni,,Toor,Unni Toor,99177582620,unni56@hotmail.com,F,1976-09-08,VOTER-E611725,
TP-10501,CLM-01903,Ekantika,,Gupta,Ekantika Gupta,99174568225,ekantika63@hotmail.com,F,1980-02-25,UID-735333068128,MEM-11973
TP-10502,CLM-01904,Tanay,,Jaggi,Tanay Jaggi,97600310445,tanay37@gmail.com,M,1973-11-26,UID-944985451550,
TP-10503,CLM-01910,Andrew,,Peri,Andrew Peri,99282926531,andrew93@rediffmail.com,M,1994-06-19,UID-449378501536,MEM-12784
TP-10504,CLM-01913,Inaya,,Mohanty,Inaya Mohanty,98067826317,inaya36@rediffmail.com,F,1987-05-28,VOTER-D399779,
TP-10505,CLM-01914,Yash,,Kanda,Yash Kanda,99920198794,yash94@gmail.com,M,1997-07-31,AADHAR-7078-4555-7455,
TP-10506,CLM-01924,Neelima,,Dixit,Neelima Dixit,99447981259,neelima64@yahoo.com,F,1999-07-18,AADHAR-1353-3638-6360,
TP-10507,CLM-01925,Reyansh,,Chandra,Reyansh Chandra,97971079258,reyansh22@rediffmail.com,M,1975-05-13,VOTER-E717740,
TP-10508,CLM-01927,Jeet,,Pradhan,Jeet Pradhan,99078574739,jeet63@outlook.co.in,M,1964-11-25,AADHAR-5833-1408-6653,MEM-12456
TP-10509,CLM-01932,Anthony,,Shenoy,Anthony Shenoy,99335794293,anthony23@hotmail.com,M,1989-11-28,VOTER-B401203,
TP-10510,CLM-01935,Forum,,Kashyap,Forum Kashyap,99023650333,forum72@outlook.co.in,F,1951-07-21,UID-643761832993,
TP-10511,CLM-01944,Sai,,Deol,Sai Deol,99074065257,sai69@gmail.com,M,1966-12-07,AADHAR-7745-5772-6365,
TP-10512,CLM-01948,Aashi,,Naidu,Aashi Naidu,98235710592,aashi41@gmail.com,F,1991-07-17,UID-374978157249,
TP-10513,CLM-01955,Hiral,,Naidu,Hiral Naidu,97087307166,hiral58@gmail.com,F,1991-04-08,UID-444124767478,MEM-12869
TP-10514,CLM-01956,Isaiah,,Agrawal,Isaiah Agrawal,98528699621,isaiah11@live.com,M,1995-03-04,AADHAR-4176-9312-1923,MEM-12961
TP-10515,CLM-01968,Rishi,,Palan,Rishi Palan,99717476566,rishi70@yahoo.com,M,1954-09-03,VOTER-C828225,
TP-10516,CLM-01969,Hemangini,,Peri,Hemangini Peri,98991218347,hemangini21@yahoo.com,F,2000-03-19,VOTER-B500265,
TP-10517,CLM-01979,Karan,,Natt,Karan Natt,99516819980,karan68@hotmail.com,M,1952-11-24,AADHAR-3399-9080-1579,
TP-10518,CLM-01986,Sanya,,Balakrishnan,Sanya Balakrishnan,97011715864,sanya94@hotmail.com,F,1990-04-15,VOTER-A453050,MEM-10725
TP-10519,CLM-01988,Jacob,,Patla,Jacob Patla,99060889414,jacob32@outlook.co.in,M,1957-11-21,VOTER-D850033,
TP-10520,CLM-01989,Suhani,,Ray,Suhani Ray,97131517185,suhani38@outlook.co.in,F,1961-12-12,AADHAR-2524-4892-4791,
TP-10521,CLM-01992,Vritti,,Mitter,Vritti Mitter,97639834267,vritti68@yahoo.com,F,1962-12-05,AADHAR-5552-4444-3725,
TP-10522,CLM-01994,Anirudh,,Issac,Anirudh Issac,97019791201,anirudh19@yahoo.com,M,1979-05-30,AADHAR-6781-9824-2404,MEM-11713
TP-10523,CLM-01997,Daksha,,Bhargava,Daksha Bhargava,98971300550,daksha63@gmail.com,F,1964-04-11,VOTER-B133624,MEM-13427
TP-10524,CLM-02004,Anthony,,Sandal,Anthony Sandal,98800400272,anthony91@hotmail.com,M,1959-03-18,VOTER-A468222,
TP-10525,CLM-02005,Farhan,,Goswami,Farhan Goswami,99556747084,farhan53@live.com,M,1966-03-14,UID-811573862355,
TP-10526,CLM-02006,Anmol,,Yohannan,Anmol Yohannan,97128266439,anmol80@yahoo.com,M,1992-05-03,UID-290508344023,MEM-10098
TP-10527,CLM-02011,Gaurika,,Mann,Gaurika Mann,97099038758,gaurika77@yahoo.com,F,1961-04-07,AADHAR-7992-8834-7591,
TP-10528,CLM-02012,Vincent,,Sachdev,Vincent Sachdev,99990588093,vincent98@live.com,M,1983-06-25,AADHAR-6157-2347-3271,
TP-10529,CLM-02016,Ojas,,Palan,Ojas Palan,99372532766,ojas88@live.com,M,1958-02-20,VOTER-C852226,
TP-10530,CLM-02020,Ekavir,,Mangal,Ekavir Mangal,97062828763,ekavir38@outlook.co.in,M,1993-09-08,VOTER-C690448,
TP-10531,CLM-02021,Gauri,,Sen,Gauri Sen,99502601353,gauri13@yahoo.com,F,1997-09-26,VOTER-B826826,MEM-11333
TP-10532,CLM-02024,Maanas,,Sankar,Maanas Sankar,98552666877,maanas18@gmail.com,M,1995-10-25,AADHAR-7974-3767-1215,MEM-10556
TP-10533,CLM-02029,Viraj,,Patla,Viraj Patla,97856348067,viraj48@live.com,M,1960-12-07,UID-739596697063,
TP-10534,CLM-02031,Rudra,,Gopal,Rudra Gopal,99811500931,rudra14@live.com,M,2006-03-08,AADHAR-3488-2749-2147,
TP-10535,CLM-02033,Wakeeta,,Kamdar,Wakeeta Kamdar,98505689242,wakeeta38@rediffmail.com,F,1965-04-09,AADHAR-3951-4663-2247,
TP-10536,CLM-02034,Victor,,Nigam,Victor Nigam,99958396126,victor28@live.com,M,1971-02-01,UID-431313367957,
TP-10537,CLM-02036,Upkaar,,Sathe,Upkaar Sathe,98087039200,upkaar64@yahoo.com,M,1996-03-17,VOTER-E337607,
TP-10538,CLM-02041,Shivansh,,Gill,Shivansh Gill,98096826359,shivansh19@rediffmail.com,M,1997-09-03,AADHAR-5703-5110-7518,
TP-10539,CLM-02043,Hitesh,,Sachdev,Hitesh Sachdev,98477105439,hitesh56@rediffmail.com,M,1979-01-09,UID-860115242984,
TP-10540,CLM-02045,Utkarsh,,Thakur,Utkarsh Thakur,98264246007,utkarsh60@rediffmail.com,M,2004-04-22,VOTER-E310512,
TP-10541,CLM-02048,Meera,,Chacko,Meera Chacko,97781358591,meera64@rediffmail.com,F,1969-04-16,VOTER-C265467,
TP-10542,CLM-02060,Irya,,Kata,Irya Kata,99404953462,irya27@hotmail.com,F,1982-08-05,AADHAR-3774-5975-9919,
TP-10543,CLM-02066,Farhan,,Venkataraman,Farhan Venkataraman,99151372994,farhan19@gmail.com,M,1964-02-25,UID-382682302387,MEM-10717
TP-10544,CLM-02070,Barkha,,Arya,Barkha Arya,97937003298,barkha58@hotmail.com,F,2002-05-27,UID-290633172088,
TP-10545,CLM-02078,Rohan,,Sood,Rohan Sood,99658192418,rohan29@outlook.co.in,M,2003-04-28,VOTER-B531514,MEM-13319
TP-10546,CLM-02079,Lakshmi,,Sarma,Lakshmi Sarma,99482831102,lakshmi75@yahoo.com,F,1962-10-30,UID-331077624679,
TP-10547,CLM-02081,Faras,,Dube,Faras Dube,97339602918,faras70@outlook.co.in,M,2002-12-15,UID-139934153425,MEM-13487
TP-10548,CLM-02086,Neel,,Dube,Neel Dube,98549445840,neel78@outlook.co.in,M,1964-08-03,AADHAR-7180-7415-3154,MEM-13217
TP-10549,CLM-02090,Anika,,Warrior,Anika Warrior,98937821185,anika33@hotmail.com,F,1988-05-05,VOTER-B836293,
TP-10550,CLM-02093,Falan,,Garde,Falan Garde,99026627528,falan86@hotmail.com,M,1958-06-17,UID-390620452730,
TP-10551,CLM-02104,Kashish,,Subramanian,Kashish Subramanian,97315547185,kashish48@yahoo.com,F,1950-09-10,AADHAR-7650-9938-7999,
TP-10552,CLM-02109,Meghana,,Choudhry,Meghana Choudhry,97624292735,meghana18@gmail.com,F,2003-10-27,VOTER-A791667,
TP-10553,CLM-02110,Nandini,,Muni,Nandini Muni,97879226374,nandini33@rediffmail.com,F,2005-10-30,AADHAR-4266-3819-2145,MEM-10006
TP-10554,CLM-02117,Bhavini,,Ratta,Bhavini Ratta,99254546990,bhavini98@gmail.com,F,1963-02-03,UID-640227380053,
TP-10555,CLM-02118,Tarak,,Din,Tarak Din,98543395468,tarak42@gmail.com,M,1990-03-29,UID-597082794648,MEM-10217
TP-10556,CLM-02120,Waida,,More,Waida More,99910573191,waida75@live.com,F,1992-08-26,UID-616973102894,
TP-10557,CLM-02121,Nikita,,Saini,Nikita Saini,99266101982,nikita95@hotmail.com,F,1974-04-16,AADHAR-8997-4713-6418,MEM-11243
TP-10558,CLM-02122,Balendra,,Tak,Balendra Tak,99165717002,balendra69@rediffmail.com,M,1995-10-26,AADHAR-5585-7724-5118,
TP-10559,CLM-02130,Nirja,,Chahal,Nirja Chahal,98754542866,nirja99@gmail.com,F,1987-11-14,UID-896549598592,
TP-10560,CLM-02141,Ishaan,,Kadakia,Ishaan Kadakia,97987556131,ishaan24@outlook.co.in,M,1990-08-25,UID-818332139670,
TP-10561,CLM-02153,Omaja,,Yadav,Omaja Yadav,99000166020,omaja21@live.com,F,1976-09-21,UID-806846032818,
TP-10562,CLM-02155,Sanaya,,Wason,Sanaya Wason,97026696280,sanaya33@outlook.co.in,F,1977-09-22,VOTER-A449004,
TP-10563,CLM-02162,Eesha,,Lad,Eesha Lad,98910881469,eesha76@gmail.com,F,1993-01-25,VOTER-E466136,MEM-10382
TP-10564,CLM-02168,Veda,,Sami,Veda Sami,97733099631,veda11@yahoo.com,F,1976-07-26,AADHAR-5260-8253-9539,
TP-10565,CLM-02182,Ekansh,,Rau,Ekansh Rau,99891865036,ekansh12@hotmail.com,M,1986-05-13,VOTER-A374768,
TP-10566,CLM-02183,Ekalinga,,Krishnan,Ekalinga Krishnan,98247683968,ekalinga18@live.com,M,1969-11-04,UID-301281692723,
TP-10567,CLM-02187,Aarna,,Divan,Aarna Divan,97996094228,aarna92@hotmail.com,F,1988-08-02,VOTER-E639061,
TP-10568,CLM-02188,Veda,,Rajagopal,Veda Rajagopal,99827688761,veda91@outlook.co.in,F,1969-05-17,AADHAR-1304-8701-9811,
TP-10569,CLM-02190,Brijesh,,Pai,Brijesh Pai,97178014521,brijesh44@hotmail.com,M,1974-06-09,UID-187552482693,
TP-10570,CLM-02197,Advaith,,Ghosh,Advaith Ghosh,99345178960,advaith22@live.com,M,1962-07-09,UID-634219721561,
TP-10571,CLM-02200,Nisha,,Borah,Nisha Borah,97230065530,nisha85@outlook.co.in,F,1991-03-21,UID-241773107345,
TP-10572,CLM-02204,Pranav,,Bumb,Pranav Bumb,99080088041,pranav13@live.com,M,2005-05-05,AADHAR-5130-6291-1026,
TP-10573,CLM-02209,Dakshesh,,Raval,Dakshesh Raval,99908380881,dakshesh32@rediffmail.com,M,1986-08-28,AADHAR-4079-2355-1607,
TP-10574,CLM-02211,Dipta,,More,Dipta More,98593969646,dipta83@hotmail.com,F,1998-02-20,UID-830225238486,
TP-10575,CLM-02213,Dakshesh,,Babu,Dakshesh Babu,98670632484,dakshesh41@live.com,M,1974-05-04,VOTER-B684270,MEM-11799
TP-10576,CLM-02217,Amrita,,Bal,Amrita Bal,98656127039,amrita64@hotmail.com,F,1958-08-19,AADHAR-8500-8993-5003,
TP-10577,CLM-02219,Yatin,,Rattan,Yatin Rattan,97463354868,yatin72@rediffmail.com,M,1956-01-24,AADHAR-2518-8083-2041,
TP-10578,CLM-02220,Eshana,,Dewan,Eshana Dewan,98597626537,eshana41@yahoo.com,F,1981-10-08,AADHAR-6494-1778-8417,
TP-10579,CLM-02222,Tanish,,Raja,Tanish Raja,99346623976,tanish76@live.com,M,1989-01-16,UID-181375994071,
TP-10580,CLM-02227,Amruta,,Dara,Amruta Dara,98172239252,amruta77@gmail.com,F,1956-07-18,VOTER-D723479,
TP-10581,CLM-02230,Tejas,,Datta,Tejas Datta,97775173653,tejas56@yahoo.com,M,1978-04-27,VOTER-A897707,
TP-10582,CLM-02232,Radha,,Majumdar,Radha Majumdar,98422903515,radha99@hotmail.com,F,1993-08-11,VOTER-B893186,
TP-10583,CLM-02237,Naveen,,Deo,Naveen Deo,99374756746,naveen29@gmail.com,M,1953-06-16,AADHAR-2740-5323-1986,
TP-10584,CLM-02242,Qushi,,Ramesh,Qushi Ramesh,97661333442,qushi69@outlook.co.in,F,1968-03-08,VOTER-A229619,MEM-11596
TP-10585,CLM-02247,Raghav,,Mane,Raghav Mane,98430740537,raghav88@yahoo.com,M,1976-05-10,UID-804733960267,
TP-10586,CLM-02259,Tamanna,,Comar,Tamanna Comar,98489511865,tamanna65@live.com,F,1956-10-23,UID-226517742161,
TP-10587,CLM-02261,Falguni,,Chaudhary,Falguni Chaudhary,99347362566,falguni35@live.com,F,1968-09-21,VOTER-A563078,
TP-10588,CLM-02262,Ekbal,,Deshmukh,Ekbal Deshmukh,98010757579,ekbal28@rediffmail.com,M,1975-07-07,UID-452164801160,
TP-10589,CLM-02264,Benjamin,,Ram,Benjamin Ram,98842284762,benjamin74@hotmail.com,M,1994-02-18,UID-802771675176,
TP-10590,CLM-02268,Karan,,Sekhon,Karan Sekhon,99941299658,karan20@hotmail.com,M,1985-01-15,UID-431534942366,MEM-11123
TP-10591,CLM-02269,Theodore,,Kibe,Theodore Kibe,99554377086,theodore71@yahoo.com,M,1952-12-11,VOTER-B153370,
TP-10592,CLM-02270,Wishi,,Pant,Wishi Pant,99503121577,wishi77@rediffmail.com,F,1962-01-20,UID-135913729686,MEM-10829
TP-10593,CLM-02276,Isaac,,Kanda,Isaac Kanda,99857405405,isaac57@hotmail.com,M,1972-11-07,AADHAR-6522-6973-3513,
TP-10594,CLM-02277,Tanish,,Pradhan,Tanish Pradhan,99473350247,tanish73@hotmail.com,M,1976-08-05,AADHAR-4322-7681-5558,
TP-10595,CLM-02280,Abha,,Som,Abha Som,97065584216,abha15@gmail.com,F,1950-10-17,VOTER-B796297,
TP-10596,CLM-02281,Mason,,Bhardwaj,Mason Bhardwaj,97070733696,mason78@gmail.com,M,1990-12-16,UID-952065967254,
TP-10597,CLM-02283,Bhavya,,Khosla,Bhavya Khosla,98101331100,bhavya37@hotmail.com,F,1964-05-08,UID-447892252922,MEM-12366
TP-10598,CLM-02292,Krisha,,Chanda,Krisha Chanda,97127173130,krisha36@live.com,F,1975-02-21,UID-973285375669,MEM-13270
TP-10599,CLM-02296,Diya,,Biswas,Diya Biswas,99371979395,diya73@live.com,F,1962-04-09,VOTER-A359718,
TP-10600,CLM-02298,Vidhi,,Dyal,Vidhi Dyal,97117987631,vidhi21@hotmail.com,F,2003-10-02,VOTER-C633897,
TP-10601,CLM-02304,Oscar,,Mukhopadhyay,Oscar Mukhopadhyay,98466460157,oscar70@outlook.co.in,M,1955-09-05,UID-794291643622,
TP-10602,CLM-02314,Ronith,,Kakar,Ronith Kakar,97758390381,ronith97@gmail.com,M,2007-05-09,VOTER-C761139,MEM-11592
TP-10603,CLM-02320,Zarna,,Dave,Zarna Dave,99393606757,zarna50@rediffmail.com,F,1954-12-12,VOTER-D722975,
TP-10604,CLM-02329,Bhavna,,Tiwari,Bhavna Tiwari,98223334314,bhavna20@yahoo.com,F,1983-01-12,UID-997110982062,MEM-13379
TP-10605,CLM-02331,Jason,,Atwal,Jason Atwal,97623269976,jason75@gmail.com,M,1979-04-10,AADHAR-6079-3448-4760,
TP-10606,CLM-02335,Dakshesh,,Sunder,Dakshesh Sunder,97096266944,dakshesh93@rediffmail.com,M,1970-07-06,VOTER-C636615,MEM-12364
TP-10607,CLM-02345,Jackson,,Gera,Jackson Gera,97742319710,jackson47@gmail.com,M,1973-06-08,AADHAR-7207-3559-3854,
TP-10608,CLM-02349,Diya,,Balay,Diya Balay,99545166755,diya85@yahoo.com,F,1962-07-08,UID-403591985572,
TP-10609,CLM-02355,Ojas,,Thaker,Ojas Thaker,97553184987,ojas24@rediffmail.com,M,1954-06-28,AADHAR-5549-8497-7725,
TP-10610,CLM-02356,Daksh,,Deshpande,Daksh Deshpande,97063365201,daksh60@outlook.co.in,M,1984-04-07,AADHAR-3386-7846-1326,
TP-10611,CLM-02358,Bhavani,,Nagi,Bhavani Nagi,98576506819,bhavani56@outlook.co.in,F,2006-07-29,UID-375133699068,
TP-10612,CLM-02368,Hamsini,,Seth,Hamsini Seth,98020702249,hamsini61@yahoo.com,F,1968-02-29,VOTER-D675242,
TP-10613,CLM-02370,Hemang,,Mallick,Hemang Mallick,98578904892,hemang52@outlook.co.in,M,1993-08-22,UID-972996451688,
TP-10614,CLM-02372,David,,Zachariah,David Zachariah,97533640164,david41@rediffmail.com,M,1960-02-17,UID-225500846886,
TP-10615,CLM-02373,Jackson,,Choudhry,Jackson Choudhry,99062458831,jackson47@rediffmail.com,M,2001-09-01,AADHAR-5155-6204-5781,
TP-10616,CLM-02374,Ishita,,Tata,Ishita Tata,98842326429,ishita45@outlook.co.in,F,1973-04-01,UID-321196736801,
TP-10617,CLM-02378,Ayush,,Yadav,Ayush Yadav,97959792858,ayush25@live.com,M,1988-04-14,AADHAR-3075-4221-5488,
TP-10618,CLM-02381,Shravya,,Nadig,Shravya Nadig,97767105467,shravya41@hotmail.com,F,2004-11-15,UID-979819459047,MEM-11056
TP-10619,CLM-02384,Dayamai,,Venkataraman,Dayamai Venkataraman,99244350136,dayamai89@hotmail.com,F,1985-08-04,AADHAR-6319-9903-8521,
TP-10620,CLM-02389,Vivaan,,Bhandari,Vivaan Bhandari,98424658152,vivaan44@rediffmail.com,M,1972-10-22,UID-698286598298,MEM-10362
TP-10621,CLM-02392,Jack,,Mannan,Jack Mannan,97580159595,jack33@rediffmail.com,M,1978-11-03,UID-625806227722,MEM-12095
TP-10622,CLM-02393,Chakrika,,Lala,Chakrika Lala,99366795588,chakrika47@gmail.com,F,1980-01-03,VOTER-B415247,
TP-10623,CLM-02402,Warhi,,Srinivas,Warhi Srinivas,98837338539,warhi33@rediffmail.com,F,1964-05-31,AADHAR-7578-2006-9151,
TP-10624,CLM-02416,Samesh,,Ganguly,Samesh Ganguly,99854256750,samesh46@rediffmail.com,M,2004-12-11,AADHAR-9624-7887-1862,
TP-10625,CLM-02424,Deepa,,Baral,Deepa Baral,97853071900,deepa45@outlook.co.in,F,2001-04-08,VOTER-B578119,
TP-10626,CLM-02428,Aditya,,Date,Aditya Date,98524762669,aditya97@yahoo.com,M,2003-08-17,VOTER-A473900,
TP-10627,CLM-02431,Vivaan,,Soni,Vivaan Soni,98560887143,vivaan83@hotmail.com,M,1992-12-27,AADHAR-2922-3719-3002,
TP-10628,CLM-02432,Tanvi,,Contractor,Tanvi Contractor,99860434022,tanvi57@yahoo.com,F,1995-03-29,UID-465584120424,
TP-10629,CLM-02435,Yashvi,,Bajaj,Yashvi Bajaj,98653454761,yashvi31@rediffmail.com,F,2006-12-12,VOTER-E257679,
TP-10630,CLM-02437,Jasmit,,Sen,Jasmit Sen,97159220406,jasmit34@hotmail.com,F,1977-12-05,AADHAR-4433-9313-1578,MEM-11201
TP-10631,CLM-02440,Hamsini,,Mani,Hamsini Mani,99841594529,hamsini97@rediffmail.com,F,1978-11-02,AADHAR-2469-8991-8622,MEM-12305
TP-10632,CLM-02442,Oeshi,,Bajwa,Oeshi Bajwa,97056360586,oeshi84@live.com,F,2007-05-04,AADHAR-3736-4155-1846,
TP-10633,CLM-02443,Yoshita,,Gole,Yoshita Gole,99663177227,yoshita42@live.com,F,1955-01-05,VOTER-C768079,
TP-10634,CLM-02446,Praneel,,Narayan,Praneel Narayan,98868728588,praneel67@hotmail.com,M,1964-12-13,UID-641425822674,
TP-10635,CLM-02448,Mitesh,,Deshpande,Mitesh Deshpande,97106923047,mitesh50@yahoo.com,M,2005-07-24,UID-164839083595,MEM-10634
TP-10636,CLM-02449,Chandran,,Banik,Chandran Banik,97825174132,chandran93@live.com,M,1953-03-02,VOTER-D889443,
TP-10637,CLM-02458,Oeshi,,Tara,Oeshi Tara,98963502456,oeshi36@rediffmail.com,F,1957-07-01,AADHAR-7300-2866-3454,
TP-10638,CLM-02460,Om,,Dey,Om Dey,99434831501,om93@hotmail.com,M,1995-06-03,AADHAR-9031-2771-2712,MEM-11362
TP-10639,CLM-02461,Samuel,,Choudhary,Samuel Choudhary,99257394851,samuel77@hotmail.com,M,1996-12-15,AADHAR-1800-4544-2675,MEM-10647
TP-10640,CLM-02464,Krisha,,Kar,Krisha Kar,99382102231,krisha19@gmail.com,F,1988-12-12,AADHAR-4114-7867-2881,
TP-10641,CLM-02468,Nathan,,Pingle,Nathan Pingle,99434212310,nathan87@yahoo.com,M,2007-07-27,VOTER-B632145,
TP-10642,CLM-02473,Krisha,,Taneja,Krisha Taneja,99265768096,krisha45@live.com,F,2007-07-23,UID-552717315607,
TP-10643,CLM-02478,Gaurika,,Ravel,Gaurika Ravel,98299275532,gaurika17@yahoo.com,F,1997-03-10,VOTER-A300897,MEM-13009
TP-10644,CLM-02482,Balvan,,Arora,Balvan Arora,97446499521,balvan28@gmail.com,M,1983-06-04,UID-425828823025,
TP-10645,CLM-02486,Ojas,,Dube,Ojas Dube,97393018278,ojas87@rediffmail.com,M,1995-02-15,UID-961745402362,
TP-10646,CLM-02488,Upadhriti,,Radhakrishnan,Upadhriti Radhakrishnan,97672291356,upadhriti80@live.com,F,1987-10-16,UID-898485702815,
TP-10647,CLM-02493,Alka,,Subramanian,Alka Subramanian,99603905578,alka44@outlook.co.in,F,1969-05-21,AADHAR-1538-6918-6297,MEM-11006
TP-10648,CLM-02495,Jalsa,,Bedi,Jalsa Bedi,97160641566,jalsa68@hotmail.com,F,1994-12-29,AADHAR-8452-2109-3169,
TP-10649,CLM-02503,Wazir,,Shere,Wazir Shere,97100491376,wazir56@live.com,M,1977-12-30,AADHAR-7306-3233-6053,
TP-10650,CLM-02505,Isaac,,Bandi,Isaac Bandi,99907657450,isaac77@yahoo.com,M,1987-03-21,UID-745469378515,
TP-10651,CLM-02508,Anay,,Bajaj,Anay Bajaj,97955279832,anay79@rediffmail.com,M,1990-08-22,UID-521928802818,MEM-10557
TP-10652,CLM-02518,Agastya,,Buch,Agastya Buch,99810896761,agastya57@hotmail.com,M,1994-07-30,UID-739019260846,
TP-10653,CLM-02522,Lavanya,,Edwin,Lavanya Edwin,98199814607,lavanya22@rediffmail.com,F,1968-12-03,UID-449441423321,
TP-10654,CLM-02530,Amaira,,Chandra,Amaira Chandra,99741967987,amaira11@live.com,F,1957-06-26,VOTER-C383195,
TP-10655,CLM-02532,Suhani,,Sandhu,Suhani Sandhu,98032815477,suhani54@hotmail.com,F,1975-04-27,AADHAR-9146-5242-6377,
TP-10656,CLM-02536,Neelima,,Hayer,Neelima Hayer,99491630993,neelima50@yahoo.com,F,1993-03-23,AADHAR-3488-4472-1016,
TP-10657,CLM-02537,Hemangini,,Viswanathan,Hemangini Viswanathan,98046030004,hemangini67@rediffmail.com,F,1997-12-25,VOTER-D612303,
TP-10658,CLM-02544,Nilima,,Aurora,Nilima Aurora,97634295578,nilima36@live.com,F,1967-11-20,UID-981322225342,
TP-10659,CLM-02555,Ayushman,,Balasubramanian,Ayushman Balasubramanian,98727867341,ayushman74@rediffmail.com,M,1980-01-08,VOTER-A435588,
TP-10660,CLM-02566,Faraj,,Saran,Faraj Saran,98958364132,faraj81@outlook.co.in,M,1982-09-28,AADHAR-4657-2259-5604,
TP-10661,CLM-02569,Liam,,Bandi,Liam Bandi,98178502331,liam85@gmail.com,M,2000-01-12,VOTER-A849478,
TP-10662,CLM-02572,Parth,,Brahmbhatt,Parth Brahmbhatt,97090346069,parth49@gmail.com,M,2006-08-28,UID-634607809295,MEM-11891
TP-10663,CLM-02576,Caleb,,Dutt,Caleb Dutt,99603380509,caleb92@rediffmail.com,M,1952-10-24,UID-581500364588,
TP-10664,CLM-02581,Ranbir,,Sehgal,Ranbir Sehgal,97970238200,ranbir45@live.com,M,1986-05-15,UID-162144771705,MEM-10500
TP-10665,CLM-02583,Qabil,,Ramanathan,Qabil Ramanathan,98259372587,qabil47@outlook.co.in,M,1962-05-24,AADHAR-4848-3469-5564,
TP-10666,CLM-02586,Ishita,,Bhasin,Ishita Bhasin,99043767347,ishita28@gmail.com,F,1989-04-30,AADHAR-2425-4008-5301,
TP-10667,CLM-02587,Nachiket,,Naik,Nachiket Naik,99677444044,nachiket95@outlook.co.in,M,1980-07-17,AADHAR-5848-4130-3026,
TP-10668,CLM-02589,Sneha,,Sundaram,Sneha Sundaram,97118770991,sneha15@hotmail.com,F,2004-03-03,UID-555514407936,
TP-10669,CLM-02590,Xavier,,Wadhwa,Xavier Wadhwa,97394118545,xavier50@yahoo.com,M,1966-03-03,AADHAR-8479-6935-1167,
TP-10670,CLM-02597,Gautami,,Parekh,Gautami Parekh,97075792195,gautami72@hotmail.com,F,1997-06-26,AADHAR-1547-3073-1525,
TP-10671,CLM-02599,Chakrika,,Bajwa,Chakrika Bajwa,98368735456,chakrika81@hotmail.com,F,1973-04-19,UID-564262120959,
TP-10672,CLM-02604,Ishwar,,Ahuja,Ishwar Ahuja,99220350956,ishwar36@live.com,M,1977-07-13,VOTER-B558820,
TP-10673,CLM-02606,Edhitha,,Nanda,Edhitha Nanda,97710230740,edhitha23@outlook.co.in,F,2000-02-02,VOTER-D762283,
TP-10674,CLM-02616,Hritik,,Keer,Hritik Keer,99943830942,hritik36@yahoo.com,M,2006-10-20,UID-649809945197,MEM-10661
TP-10675,CLM-02617,Fiyaz,,Gopal,Fiyaz Gopal,99122450931,fiyaz71@outlook.co.in,M,1998-11-20,UID-428772938026,
TP-10676,CLM-02623,Charles,,Tailor,Charles Tailor,98932193968,charles38@yahoo.com,M,1976-02-21,UID-744553930601,
TP-10677,CLM-02635,Amaira,,Kalla,Amaira Kalla,98071247574,amaira17@rediffmail.com,F,1985-08-30,AADHAR-6259-4866-5474,
TP-10678,CLM-02640,Tanmayi,,Hari,Tanmayi Hari,97111297094,tanmayi53@outlook.co.in,F,2003-10-21,UID-757923112363,MEM-12135
TP-10679,CLM-02641,Devika,,Dara,Devika Dara,99103075829,devika99@gmail.com,F,1995-01-31,UID-600204465769,
TP-10680,CLM-02643,Lakshit,,Dhillon,Lakshit Dhillon,98022961846,lakshit96@yahoo.com,M,1994-09-21,VOTER-D724985,
TP-10681,CLM-02644,Omkaar,,Sanghvi,Omkaar Sanghvi,98512660806,omkaar80@gmail.com,M,1960-01-26,UID-875458896886,
TP-10682,CLM-02647,Devika,,Gala,Devika Gala,97081033900,devika15@gmail.com,F,1956-04-01,UID-874624907273,
TP-10683,CLM-02649,Diya,,Parmar,Diya Parmar,98176057378,diya13@yahoo.com,F,1986-11-27,VOTER-B988141,
TP-10684,CLM-02654,Krisha,,Wason,Krisha Wason,98130999896,krisha80@rediffmail.com,F,2007-04-01,VOTER-C510928,
TP-10685,CLM-02658,Tara,,Rege,Tara Rege,98351938920,tara97@hotmail.com,F,1967-01-07,VOTER-E486910,
TP-10686,CLM-02663,Urvi,,Palla,Urvi Palla,99011636883,urvi55@gmail.com,F,2000-10-08,AADHAR-5733-7536-3981,
TP-10687,CLM-02664,Timothy,,Doctor,Timothy Doctor,98243776417,timothy86@live.com,M,1967-08-06,AADHAR-5299-8768-1116,MEM-10759
TP-10688,CLM-02665,Rohan,,Thaman,Rohan Thaman,98206750720,rohan26@outlook.co.in,M,1953-07-20,AADHAR-1976-2657-7661,
TP-10689,CLM-02667,Hamsini,,Morar,Hamsini Morar,99109132156,hamsini47@rediffmail.com,F,1970-02-02,AADHAR-6140-6992-3860,
TP-10690,CLM-02673,Vamakshi,,Mammen,Vamakshi Mammen,98360490125,vamakshi19@hotmail.com,F,2004-01-12,VOTER-A394126,MEM-11750
TP-10691,CLM-02674,Lavanya,,Butala,Lavanya Butala,99241358634,lavanya22@yahoo.com,F,1978-07-30,VOTER-D765783,
TP-10692,CLM-02679,Kamya,,Samra,Kamya Samra,99718501975,kamya89@rediffmail.com,F,1993-09-28,UID-706994917281,
TP-10693,CLM-02689,Ronith,,Kulkarni,Ronith Kulkarni,97162729285,ronith11@hotmail.com,M,1993-11-13,UID-856379316367,MEM-12531
TP-10694,CLM-02690,Kashvi,,Chowdhury,Kashvi Chowdhury,97945581362,kashvi30@outlook.co.in,F,2001-09-23,UID-873546249878,
TP-10695,CLM-02695,Hredhaan,,Wali,Hredhaan Wali,99167321404,hredhaan74@yahoo.com,M,1983-12-25,UID-986477708924,MEM-10986
TP-10696,CLM-02697,Qushi,,Raghavan,Qushi Raghavan,97496366182,qushi33@gmail.com,F,1993-07-24,VOTER-E438282,
TP-10697,CLM-02708,Chameli,,Lata,Chameli Lata,99868504207,chameli94@hotmail.com,F,1988-08-09,UID-378136057106,
TP-10698,CLM-02710,Siddharth,,Babu,Siddharth Babu,97226122801,siddharth36@live.com,M,2003-03-15,UID-186097806606,
TP-10699,CLM-02711,Neel,,Ramakrishnan,Neel Ramakrishnan,98351111627,neel59@gmail.com,M,1961-11-16,AADHAR-1305-7846-6538,
TP-10700,CLM-02713,Eiravati,,Dora,Eiravati Dora,98015184104,eiravati24@yahoo.com,F,1991-07-10,AADHAR-3253-8701-9965,
TP-10701,CLM-02716,Umang,,Pandya,Umang Pandya,97015219696,umang22@rediffmail.com,M,1981-01-05,UID-128057616930,
TP-10702,CLM-02718,Zaitra,,Prakash,Zaitra Prakash,98898792201,zaitra58@gmail.com,F,1995-08-30,AADHAR-6244-4682-1317,MEM-12401
TP-10703,CLM-02720,Max,,Balasubramanian,Max Balasubramanian,99253413474,max21@live.com,M,1986-07-18,VOTER-A511352,MEM-13301
TP-10704,CLM-02722,Hemang,,Dewan,Hemang Dewan,99005052142,hemang17@yahoo.com,M,2001-10-12,UID-211290807422,
TP-10705,CLM-02724,Aashi,,Talwar,Aashi Talwar,97526776908,aashi52@live.com,F,1983-09-23,AADHAR-1398-4999-9646,
TP-10706,CLM-02732,Warda,,Butala,Warda Butala,99925704233,warda43@gmail.com,F,1997-07-12,UID-768088434174,
TP-10707,CLM-02734,Warhi,,Som,Warhi Som,97097075421,warhi84@yahoo.com,F,1999-06-13,VOTER-D576577,
TP-10708,CLM-02741,Ati,,Bumb,Ati Bumb,98063157957,ati54@hotmail.com,F,1952-02-21,VOTER-B810380,
TP-10709,CLM-02743,Aditya,,Vora,Aditya Vora,97979622669,aditya65@outlook.co.in,M,1975-03-17,VOTER-B283621,
TP-10710,CLM-02744,Krisha,,Barman,Krisha Barman,98408874902,krisha96@hotmail.com,F,1986-05-28,AADHAR-7100-9576-5779,
TP-10711,CLM-02747,Pallavi,,Kapadia,Pallavi Kapadia,99060274293,pallavi89@gmail.com,F,2002-06-04,UID-395426213967,
TP-10712,CLM-02748,Andrew,,Raja,Andrew Raja,97532824700,andrew41@rediffmail.com,M,1988-05-27,AADHAR-4850-1474-1180,
TP-10713,CLM-02750,Champak,,Dass,Champak Dass,97063574293,champak73@yahoo.com,M,1996-07-20,UID-291099231789,MEM-13495
TP-10714,CLM-02756,Ayaan,,Krish,Ayaan Krish,98999211753,ayaan67@hotmail.com,M,1982-10-18,VOTER-D913085,MEM-12898
TP-10715,CLM-02759,Aayush,,Raj,Aayush Raj,97532539512,aayush23@live.com,M,1997-04-02,UID-642005614780,
TP-10716,CLM-02767,Dominic,,Shere,Dominic Shere,99446843237,dominic24@gmail.com,M,2006-01-26,AADHAR-9116-1720-8483,
TP-10717,CLM-02770,Devansh,,Dhawan,Devansh Dhawan,99385034885,devansh66@outlook.co.in,M,1980-01-09,AADHAR-7723-3219-7975,
TP-10718,CLM-02775,Rudra,,Tailor,Rudra Tailor,98375920260,rudra33@yahoo.com,M,2005-07-02,UID-199831648499,
TP-10719,CLM-02778,Omisha,,Madan,Omisha Madan,97844807897,omisha98@rediffmail.com,F,1988-07-03,AADHAR-4994-6842-5354,
TP-10720,CLM-02784,Sai,,Dyal,Sai Dyal,99018659013,sai52@yahoo.com,F,1968-03-23,UID-144393863558,
TP-10721,CLM-02792,Eiravati,,Dara,Eiravati Dara,99334415401,eiravati38@yahoo.com,F,1959-12-14,AADHAR-5576-5523-6059,
TP-10722,CLM-02795,Om,,Agate,Om Agate,98209880011,om39@yahoo.com,M,1999-09-19,VOTER-C528087,
TP-10723,CLM-02797,Janaki,,Sarkar,Janaki Sarkar,98607710296,janaki92@yahoo.com,F,1970-11-20,VOTER-D470189,
TP-10724,CLM-02798,Nimrat,,Goyal,Nimrat Goyal,97581948351,nimrat65@rediffmail.com,F,1950-11-15,UID-580835778138,
TP-10725,CLM-02799,Suhani,,Kapadia,Suhani Kapadia,97873209478,suhani40@live.com,F,1964-03-30,UID-161801900788,MEM-11784
TP-10726,CLM-02800,Zarna,,Wali,Zarna Wali,97625604592,zarna89@gmail.com,F,1972-05-02,UID-157671059679,
TP-10727,CLM-02807,Daksha,,Thakur,Daksha Thakur,98107018767,daksha93@live.com,F,1985-04-20,AADHAR-9065-2971-5017,
TP-10728,CLM-02813,Matthew,,Cheema,Matthew Cheema,97327972494,matthew20@gmail.com,M,1955-03-02,UID-654150178310,
TP-10729,CLM-02815,Wishi,,Jhaveri,Wishi Jhaveri,99978442389,wishi37@rediffmail.com,F,1975-11-11,AADHAR-7360-8460-6614,MEM-13237
TP-10730,CLM-02825,Wyatt,,Panchal,Wyatt Panchal,97143268123,wyatt15@rediffmail.com,M,2001-03-21,UID-465334872420,MEM-13010
TP-10731,CLM-02832,Ijaya,,Bhattacharyya,Ijaya Bhattacharyya,99003390114,ijaya80@gmail.com,F,1967-04-14,UID-721151530142,MEM-11689
TP-10732,CLM-02836,Falguni,,Srivastava,Falguni Srivastava,98018441561,falguni18@hotmail.com,F,1976-04-17,VOTER-E491893,
TP-10733,CLM-02839,Eshana,,Tata,Eshana Tata,98622316291,eshana51@live.com,F,1993-08-12,UID-765270678639,MEM-11912
TP-10734,CLM-02840,Lavanya,,Chanda,Lavanya Chanda,99004799664,lavanya48@live.com,F,2001-01-05,AADHAR-8915-4012-8611,MEM-10319
TP-10735,CLM-02844,Nimrat,,Patla,Nimrat Patla,99881475245,nimrat49@outlook.co.in,F,1979-01-20,VOTER-A547482,
TP-10736,CLM-02845,Tamanna,,Devan,Tamanna Devan,98309361987,tamanna49@rediffmail.com,F,1988-01-20,UID-358754240714,
TP-10737,CLM-02846,Gabriel,,Prabhakar,Gabriel Prabhakar,99748524733,gabriel53@rediffmail.com,M,2004-08-05,UID-121809411404,
TP-10738,CLM-02852,Rayaan,,Ramachandran,Rayaan Ramachandran,98976327085,rayaan94@hotmail.com,M,1989-08-16,AADHAR-9062-9691-6022,MEM-13100
TP-10739,CLM-02853,Samar,,Prasad,Samar Prasad,97439674786,samar82@hotmail.com,M,2006-04-13,VOTER-A577788,
TP-10740,CLM-02855,Advika,,Chandra,Advika Chandra,97010246069,advika96@hotmail.com,F,1971-11-17,UID-726723306771,
TP-10741,CLM-02857,Ethan,,Khare,Ethan Khare,99858911185,ethan97@gmail.com,M,1957-05-06,VOTER-B233500,
TP-10742,CLM-02860,Tanvi,,Buch,Tanvi Buch,99314292200,tanvi50@gmail.com,F,1976-12-05,UID-305578346327,
TP-10743,CLM-02866,Ria,,Chander,Ria Chander,99470565345,ria18@rediffmail.com,F,1970-06-29,VOTER-A454899,
TP-10744,CLM-02870,Oni,,Pall,Oni Pall,97720407154,oni19@yahoo.com,F,1984-04-08,VOTER-A345650,
TP-10745,CLM-02873,Yashica,,Patil,Yashica Patil,97164559452,yashica22@hotmail.com,F,1973-12-11,AADHAR-7336-9293-4973,
TP-10746,CLM-02875,Yashodhara,,Karan,Yashodhara Karan,99439102601,yashodhara34@live.com,F,1976-03-06,VOTER-A806849,MEM-12094
TP-10747,CLM-02883,Wyatt,,Joshi,Wyatt Joshi,99429441498,wyatt36@hotmail.com,M,1981-04-08,AADHAR-4649-4498-9492,MEM-11430
TP-10748,CLM-02896,Umang,,Vala,Umang Vala,97276173765,umang49@rediffmail.com,M,1974-05-15,VOTER-C744638,
TP-10749,CLM-02903,Patrick,,Singhal,Patrick Singhal,98374733450,patrick73@live.com,M,1964-03-30,AADHAR-2637-6228-8336,
TP-10750,CLM-02905,Shivansh,,Raju,Shivansh Raju,98262891880,shivansh39@rediffmail.com,M,1978-03-16,AADHAR-8718-2291-5986,MEM-13088
TP-10751,CLM-02908,Lopa,,Sodhi,Lopa Sodhi,97219825965,lopa47@gmail.com,F,1975-07-26,UID-776864489087,
TP-10752,CLM-02912,Vasudha,,Halder,Vasudha Halder,97349376225,vasudha20@live.com,F,1969-11-19,VOTER-E263084,
TP-10753,CLM-02914,Nilima,,Mittal,Nilima Mittal,99685445892,nilima57@rediffmail.com,F,2006-06-10,VOTER-E367340,MEM-13312
TP-10754,CLM-02918,Utkarsh,,Sabharwal,Utkarsh Sabharwal,98659699740,utkarsh94@hotmail.com,M,2000-08-17,UID-359697176670,
TP-10755,CLM-02924,Dominic,,Chanda,Dominic Chanda,97471821583,dominic21@outlook.co.in,M,1970-03-07,UID-853801342071,
TP-10756,CLM-02925,Unni,,Raja,Unni Raja,99828907114,unni28@rediffmail.com,F,1981-11-24,UID-527608939195,MEM-10999
TP-10757,CLM-02926,Balvan,,Vala,Balvan Vala,98597842663,balvan92@yahoo.com,M,1982-12-20,UID-382627592803,
TP-10758,CLM-02928,Teerth,,Sandal,Teerth Sandal,98461242675,teerth47@hotmail.com,M,1991-06-13,AADHAR-8618-5100-5834,
TP-10759,CLM-02931,Nidhi,,Raghavan,Nidhi Raghavan,97621517991,nidhi61@gmail.com,F,1954-01-27,UID-921270468076,
TP-10760,CLM-02937,Gautam,,Pau,Gautam Pau,98163967863,gautam64@hotmail.com,M,1960-03-24,AADHAR-4587-5812-2313,MEM-12003
TP-10761,CLM-02940,Triya,,Kala,Triya Kala,98880147474,triya54@yahoo.com,F,1953-05-18,VOTER-E488924,
TP-10762,CLM-02943,Brinda,,Kari,Brinda Kari,98245354058,brinda60@rediffmail.com,F,1962-07-17,UID-369897798977,MEM-11718
TP-10763,CLM-02947,Balveer,,Ramanathan,Balveer Ramanathan,97937486759,balveer70@gmail.com,M,1963-05-28,UID-201976412771,
TP-10764,CLM-02952,Azad,,Chaudhary,Azad Chaudhary,97011081624,azad74@yahoo.com,M,1988-11-13,VOTER-E292805,
TP-10765,CLM-02955,Agastya,,Majumdar,Agastya Majumdar,97374946217,agastya48@rediffmail.com,M,1965-01-02,AADHAR-4499-9267-7127,
TP-10766,CLM-02957,Advay,,Ray,Advay Ray,97917030361,advay88@outlook.co.in,M,1974-12-22,AADHAR-4194-5294-1034,
TP-10767,CLM-02958,Omya,,Sur,Omya Sur,99652121094,omya11@outlook.co.in,F,2005-06-23,AADHAR-3449-1458-9453,MEM-10193
TP-10768,CLM-02959,Vidhi,,Venkatesh,Vidhi Venkatesh,99595913106,vidhi25@rediffmail.com,F,1965-04-25,VOTER-E607971,MEM-10049
TP-10769,CLM-02960,Faqid,,Sachdeva,Faqid Sachdeva,99673578249,faqid83@gmail.com,M,2003-05-23,VOTER-B147103,
TP-10770,CLM-02961,Nitara,,Dyal,Nitara Dyal,99951647249,nitara53@live.com,F,1996-08-27,VOTER-E608250,MEM-13434
TP-10771,CLM-02962,Hiral,,Mander,Hiral Mander,99218343270,hiral24@outlook.co.in,F,1993-05-22,UID-153139008412,MEM-12158
TP-10772,CLM-02964,Ekansh,,Memon,Ekansh Memon,97426082003,ekansh80@rediffmail.com,M,1983-06-06,AADHAR-4301-3828-4933,
TP-10773,CLM-02968,Ishwar,,Ganesan,Ishwar Ganesan,98761077149,ishwar44@live.com,M,2000-08-22,VOTER-A270270,
TP-10774,CLM-02981,Chatresh,,Sangha,Chatresh Sangha,98707212367,chatresh88@rediffmail.com,M,1991-12-16,AADHAR-8573-9686-4241,MEM-10145
TP-10775,CLM-02982,Manbir,,Shankar,Manbir Shankar,98687495698,manbir29@live.com,M,1950-10-08,AADHAR-8543-2273-4633,
TP-10776,CLM-02983,Michael,,Ganesan,Michael Ganesan,98256133590,michael90@rediffmail.com,M,1990-01-15,VOTER-C766192,MEM-10324
TP-10777,CLM-02990,Sneha,,Venkataraman,Sneha Venkataraman,98184154071,sneha70@outlook.co.in,F,1970-02-13,UID-871268514422,
TP-10778,CLM-02991,Faras,,Chandra,Faras Chandra,98199846398,faras38@outlook.co.in,M,1959-08-14,AADHAR-3869-8220-6343,
TP-10779,CLM-02994,Samuel,,Kashyap,Samuel Kashyap,98335920839,samuel80@live.com,M,1996-06-12,UID-660991456937,
